88,810,-8236,524,5,26,4,317,305,303
9640,810,-8236,524,5,26,4,301,303,303
15460,782,-8240,562,-1,14,3,295,303,309
21400,782,-8240,562,-1,14,3,315,304,300
27348,782,-8240,562,-1,14,3,300,303,304
33300,720,-8244,542,-12,7,1,300,304,308
39260,720,-8244,542,-12,7,1,311,304,301
45212,740,-8300,488,-12,7,1,296,303,306
51164,740,-8300,488,-16,9,-1,308,305,307
57192,740,-8300,488,-16,9,-1,307,303,302
63232,826,-8266,506,-8,11,-3,295,302,307
69260,826,-8266,506,-8,11,-3,316,306,303
75304,826,-8266,506,-8,11,-3,303,303,303
81340,832,-8280,510,4,2,1,294,303,310
87124,832,-8280,510,4,2,1,318,305,302
92896,832,-8280,510,4,2,1,301,302,302
98684,816,-8340,556,0,6,5,293,302,309
104448,816,-8340,556,0,6,5,317,304,303
110288,816,-8340,556,0,6,5,300,302,303
116132,764,-8312,520,0,6,5,297,303,308
121964,764,-8312,520,-5,0,7,313,304,301
127884,764,-8312,520,-5,0,7,297,302,305
133824,792,-8352,512,-5,0,7,304,304,306
139752,792,-8352,512,-13,-5,6,308,304,302
145856,792,-8352,512,-13,-5,6,294,303,307
151964,792,-8276,518,-16,-2,-2,312,306,305
158148,792,-8276,518,-16,-2,-2,303,302,302
164328,792,-8276,518,-16,-2,-2,292,302,309
170500,830,-8204,546,-13,-9,7,319,305,300
176596,830,-8204,546,-13,-9,7,299,302,305
182700,830,-8204,546,-13,-9,7,299,304,308
188796,800,-8308,540,-6,-13,-2,311,303,302
194980,800,-8308,540,-6,-13,-2,296,303,307
201148,800,-8308,540,-6,-13,-2,308,305,308
207328,744,-8302,530,-9,-9,-3,306,303,303
213436,744,-8302,530,-9,-9,-3,293,303,307
219540,744,-8302,530,-9,-9,-3,321,306,303
225636,752,-8310,536,-15,-5,-5,301,302,302
231828,752,-8310,536,-15,-5,-5,293,303,309
237996,752,-8310,536,-15,-5,-5,317,304,304
244176,764,-8304,506,-14,-11,-10,294,303,304
250524,764,-8304,506,-14,-11,-10,308,305,308
256872,764,-8304,506,-14,-11,-10,308,303,302
263224,706,-8206,582,-18,-14,7,292,301,308
269404,706,-8206,582,-18,-14,7,321,305,303
275576,694,-8230,574,-14,-14,15,300,302,305
281836,694,-8230,574,-14,-14,15,293,304,310
288096,694,-8230,574,-14,-14,15,316,303,302
294364,804,-8302,468,4,1,22,295,303,304
300280,804,-8302,468,4,1,22,303,304,308
306204,804,-8302,468,4,1,22,311,303,301
312120,692,-8308,482,6,3,26,293,303,306
318044,692,-8308,482,6,3,26,310,305,307
323972,692,-8308,482,6,3,26,307,302,300
329892,798,-8324,496,-13,-1,16,291,302,309
336056,798,-8324,496,-13,-1,16,321,306,304
342232,798,-8324,496,-13,-1,16,300,302,304
348412,710,-8264,516,-32,-9,10,292,304,310
354604,710,-8264,516,-32,-9,10,318,304,300
360796,710,-8264,516,-32,-9,10,296,302,304
366972,706,-8348,580,-17,-2,-1,303,305,306
373164,706,-8348,580,-17,-2,-1,309,302,302
379348,706,-8348,580,-17,-2,-1,292,302,308
385540,768,-8340,568,-32,11,-5,318,306,303
391720,768,-8340,568,-32,11,-5,301,303,304
397896,768,-8340,568,-32,11,-5,292,302,308
404084,800,-8228,518,-36,7,-14,320,304,297
410264,800,-8228,518,-36,7,-14,297,302,306
416436,778,-8208,506,-36,7,-14,302,304,312
422624,778,-8208,506,-37,7,-28,312,305,300
428808,778,-8208,506,-37,7,-28,292,303,306
434980,792,-8256,534,-22,-26,-24,313,305,304
441336,792,-8256,534,-22,-26,-24,303,302,304
447688,792,-8256,534,-22,-26,-24,290,303,308
454040,804,-8166,494,-6,-38,-19,319,304,301
460304,804,-8166,494,-6,-38,-19,297,301,306
466556,804,-8166,494,-6,-38,-19,302,305,305
472832,598,-8326,454,3,-52,-29,310,306,302
479016,598,-8326,454,3,-52,-29,293,304,312
485188,598,-8326,454,3,-52,-29,315,304,304
491360,488,-8188,478,55,-56,-14,303,300,298
497636,488,-8188,478,55,-56,-14,291,303,306
503892,488,-8188,478,55,-56,-14,320,309,302
510148,462,-8200,584,108,-32,-17,298,301,305
516508,462,-8200,584,108,-32,-17,303,300,308
522856,502,-8404,738,161,37,-61,310,305,302
529136,502,-8404,738,161,37,-61,293,306,309
535396,502,-8404,738,161,37,-61,316,304,303
541676,450,-8394,634,149,105,-65,301,302,303
548028,450,-8394,634,149,105,-65,293,301,310
554368,450,-8394,634,149,105,-65,318,304,301
560728,518,-8312,598,144,121,-1,295,299,305
566988,518,-8312,598,144,121,-1,302,306,304
573248,518,-8312,598,144,121,-1,310,307,303
579516,504,-8258,650,139,179,5,291,300,307
585696,504,-8258,650,139,179,5,319,300,301
591884,504,-8258,650,139,179,5,302,304,302
598060,658,-8274,682,151,232,-16,294,307,308
604404,658,-8274,682,151,232,-16,318,301,302
610756,854,-8296,778,151,232,-16,294,298,307
617108,854,-8296,778,157,250,-42,303,310,310
623468,854,-8296,778,157,250,-42,308,303,309
629828,946,-8358,838,83,248,-21,292,299,309
636072,946,-8358,838,83,248,-21,318,305,304
642340,946,-8358,838,83,248,-21,299,301,305
648608,984,-8242,640,-15,241,-14,298,304,315
654948,984,-8242,640,-15,241,-14,314,305,299
661304,984,-8242,640,-15,241,-14,301,300,299
667652,1010,-8204,500,34,215,-36,318,305,302
674036,1010,-8204,500,34,215,-36,299,300,295
680412,1010,-8204,500,34,215,-36,287,309,307
686796,858,-8312,600,52,236,-58,320,301,296
693048,858,-8312,600,52,236,-58,295,300,311
699304,838,-8270,752,52,236,-58,306,303,325
705572,838,-8270,752,21,239,-39,309,308,301
711828,838,-8270,752,21,239,-39,293,298,303
718080,916,-8230,760,-47,230,-68,309,304,296
724424,916,-8230,760,-47,230,-68,303,303,302
730776,916,-8230,760,-47,230,-68,294,303,309
737120,1084,-8218,568,-72,256,-81,318,302,304
743604,1084,-8218,568,-72,256,-81,297,304,306
750060,1084,-8218,568,-72,256,-81,308,301,302
756516,1120,-8402,694,-38,239,-63,306,303,297
762996,1120,-8402,694,-38,239,-63,297,303,308
769476,1120,-8402,694,-38,239,-63,318,304,303
775944,988,-8442,924,-28,260,-13,298,303,301
782292,988,-8442,924,-28,260,-13,295,306,310
788636,992,-8156,720,-118,242,-11,310,303,307
795068,992,-8156,720,-118,242,-11,294,297,305
801508,992,-8156,720,-118,242,-11,313,309,301
807940,1176,-7852,432,-121,171,9,303,305,308
814324,1176,-7852,432,-121,171,9,294,300,311
820712,1176,-7852,432,-121,171,9,315,301,296
827096,1060,-7920,622,7,215,23,298,305,307
833300,1060,-7920,622,7,215,23,305,308,317
839528,1060,-7920,622,7,215,23,309,301,297
845740,698,-8256,768,168,307,-112,294,304,310
852160,698,-8256,768,168,307,-112,318,302,295
858588,528,-8276,798,168,307,-112,302,303,307
865024,528,-8276,798,139,334,-190,295,305,310
871460,528,-8276,798,139,334,-190,312,304,301
877900,780,-8494,738,122,233,-194,295,302,302
884336,780,-8494,738,122,233,-194,312,311,312
890784,780,-8494,738,122,233,-194,304,302,304
897220,1310,-8566,602,44,155,-205,293,301,307
903680,1310,-8566,602,44,155,-205,315,304,294
910148,1310,-8566,602,44,155,-205,295,303,302
916612,1724,-8316,646,-8,55,-176,305,305,306
923008,1724,-8316,646,-8,55,-176,308,300,314
929400,1466,-8300,766,26,-36,-191,294,308,311
935868,1466,-8300,766,26,-36,-191,318,300,304
942332,1466,-8300,766,26,-36,-191,300,309,297
948788,1342,-8354,1008,23,-104,-235,300,302,307
955428,1342,-8354,1008,23,-104,-235,310,302,317
962072,1342,-8354,1008,23,-104,-235,294,304,300
968724,1284,-8244,756,-30,-135,-296,317,303,300
975368,1284,-8244,756,-30,-135,-296,300,303,304
982004,1234,-8388,752,-30,-135,-296,300,305,318
988632,1234,-8388,752,29,-199,-416,310,303,296
995180,1234,-8388,752,29,-199,-416,295,303,309
1001736,1534,-8296,820,96,-231,-554,317,309,315
1008336,1534,-8296,820,96,-231,-554,299,301,295
1014916,1534,-8296,820,96,-231,-554,297,302,319
1021508,1886,-8012,1120,90,-299,-653,311,303,269
1028188,1886,-8012,1120,90,-299,-653,295,301,317
1034860,1886,-8012,1120,90,-299,-653,315,305,299
1041528,2160,-8122,1138,1,-372,-783,303,303,271
1048108,2160,-8122,1138,1,-372,-783,296,305,327
1054696,2162,-7906,782,-71,-375,-888,311,302,263
1061368,2162,-7906,782,-71,-375,-888,294,304,323
1068032,2162,-7906,782,-71,-375,-888,313,305,305
1074712,1978,-7700,636,16,-419,-984,302,304,264
1081296,1978,-7700,636,16,-419,-984,296,303,363
1087864,1978,-7700,636,16,-419,-984,312,303,285
1094452,2214,-7862,968,114,-500,-1080,295,301,324
1101208,2214,-7862,968,114,-500,-1080,315,307,289
1107964,2406,-8290,1108,49,-445,-1221,301,304,383
1114732,2406,-8290,1108,49,-445,-1221,298,303,322
1121496,2406,-8290,1108,49,-445,-1221,309,304,271
1128244,2752,-8374,840,-69,-356,-1356,295,301,328
1135000,2752,-8374,840,-69,-356,-1356,315,302,340
1141768,2980,-7934,676,-116,-370,-1386,301,305,303
1148608,2980,-7934,676,-116,-370,-1386,300,306,304
1155452,2980,-7934,676,-116,-370,-1386,328,303,308
1162292,3352,-7710,798,-91,-446,-1415,296,304,309
1169044,3352,-7710,798,-91,-446,-1415,318,302,272
1175808,3352,-7710,798,-91,-446,-1415,301,300,266
1182560,3480,-7694,602,-66,-401,-1420,303,301,353
1189340,3480,-7694,602,-66,-401,-1420,308,299,311
1196092,3624,-7900,594,41,-438,-1424,296,300,270
1202760,3624,-7900,594,41,-438,-1424,314,303,337
1209432,3624,-7900,594,41,-438,-1424,300,305,271
1216104,3778,-8018,756,82,-601,-1342,305,303,346
1222780,3778,-8018,756,82,-601,-1342,309,301,284
1229444,3332,-7656,532,82,-601,-1342,296,302,329
1236112,3332,-7656,532,55,-529,-1300,311,302,291
1242784,3332,-7656,532,55,-529,-1300,299,306,311
1249452,3806,-7602,1062,-10,-710,-1348,307,304,311
1256304,3806,-7602,1062,-10,-710,-1348,307,303,272
1263160,3806,-7602,1062,-10,-710,-1348,297,306,319
1270020,3920,-7334,420,-294,-597,-1254,312,303,298
1276868,3920,-7334,420,-294,-597,-1254,299,308,315
1283716,4158,-7130,-182,-142,-397,-1239,307,305,308
1290652,4158,-7130,-182,-142,-397,-1239,304,303,291
1297580,4158,-7130,-182,-142,-397,-1239,298,304,293
1304508,4466,-7536,258,104,-462,-1229,309,304,327
1311264,4466,-7536,258,104,-462,-1229,299,301,318
1318020,4266,-7674,664,104,-462,-1229,311,301,336
1324780,4266,-7674,664,3,-609,-1190,298,298,230
1331348,4266,-7674,664,3,-609,-1190,300,307,356
1337920,4148,-7442,198,-202,-496,-1101,311,301,280
1344772,4148,-7442,198,-202,-496,-1101,298,304,305
1351620,4148,-7442,198,-202,-496,-1101,312,305,309
1358476,4532,-6778,-286,-28,-426,-1093,301,304,321
1365324,4532,-6778,-286,-28,-426,-1093,304,304,273
1372176,4562,-7074,504,134,-530,-1064,309,302,304
1378932,4562,-7074,504,134,-530,-1064,298,306,334
1385700,4562,-7074,504,134,-530,-1064,313,303,317
1392464,4506,-7052,230,-4,-394,-1038,301,302,238
1399144,4506,-7052,230,-4,-394,-1038,313,307,364
1405788,4506,-7052,230,-4,-394,-1038,312,299,268
1412460,4560,-6994,118,5,-337,-1008,285,304,315
1419028,4560,-6994,118,5,-337,-1008,312,303,343
1425624,4686,-6716,258,-63,-334,-952,302,297,253
1432296,4686,-6716,258,-63,-334,-952,303,309,339
1438972,4686,-6716,258,-63,-334,-952,309,303,325
1445648,4768,-6370,-50,-73,-282,-909,299,303,251
1452316,4768,-6370,-50,-73,-282,-909,311,303,309
1458972,4768,-6370,-50,-73,-282,-909,301,306,331
1465656,5236,-6432,-120,36,-261,-899,304,305,276
1472332,5236,-6432,-120,36,-261,-899,289,303,307
1479020,5258,-6598,-38,1,-307,-850,298,303,308
1485520,5258,-6598,-38,1,-307,-850,312,304,274
1492008,5258,-6598,-38,1,-307,-850,304,301,375
1498504,5408,-6320,-166,-62,-308,-768,302,303,245
1505252,5408,-6320,-166,-62,-308,-768,307,304,312
1511988,5408,-6320,-166,-62,-308,-768,299,302,310
1518764,5434,-6166,-176,-10,-330,-714,313,305,314
1525528,5434,-6166,-176,-10,-330,-714,302,302,314
1532308,5466,-6182,30,-1,-328,-712,303,303,318
1538820,5466,-6182,30,-1,-328,-712,307,304,302
1545332,5466,-6182,30,-1,-328,-712,298,303,293
1551836,5634,-6026,-214,-23,-214,-696,312,304,290
1558588,5634,-6026,-214,-23,-214,-696,302,303,317
1565352,5830,-6024,-312,-23,-214,-696,302,303,298
1572132,5830,-6024,-312,13,-208,-659,306,302,312
1578796,5830,-6024,-312,13,-208,-659,300,304,315
1585476,6184,-5864,-352,15,-315,-602,333,303,327
1592156,6184,-5864,-352,15,-315,-602,302,302,312
1598836,6184,-5864,-352,15,-315,-602,304,311,304
1605516,6084,-5632,-380,-80,-418,-504,309,303,307
1612280,6084,-5632,-380,-80,-418,-504,303,302,290
1619040,6032,-5596,-274,-68,-451,-508,310,303,331
1625800,6032,-5596,-274,-68,-451,-508,278,303,260
1632552,6032,-5596,-274,-68,-451,-508,306,305,334
1639284,5810,-5610,-270,-113,-376,-499,308,302,312
1646136,5810,-5610,-270,-113,-376,-499,298,303,299
1652984,5810,-5610,-270,-113,-376,-499,310,306,334
1659836,5704,-5422,-382,-60,-371,-454,300,302,258
1666596,5704,-5422,-382,-60,-371,-454,306,305,322
1673360,5824,-5240,-580,-26,-337,-374,306,301,336
1680124,5824,-5240,-580,-26,-337,-374,299,303,235
1686884,5824,-5240,-580,-26,-337,-374,311,301,331
1693628,5812,-5242,-558,-7,-261,-355,322,308,298
1700300,5812,-5242,-558,-7,-261,-355,305,302,308
1706964,5744,-5184,-480,-7,-261,-355,306,302,321
1713628,5744,-5184,-480,-48,-210,-375,302,302,309
1720392,5744,-5184,-480,-48,-210,-375,309,303,320
1727168,5804,-5110,-536,4,-196,-359,300,302,291
1733748,5804,-5110,-536,4,-196,-359,306,305,305
1740336,5804,-5110,-536,4,-196,-359,305,302,289
1746936,5986,-5226,-546,47,-133,-315,298,305,318
1753604,5986,-5226,-546,47,-133,-315,312,300,290
1760276,6144,-5264,-628,57,-139,-264,298,299,300
1766940,6144,-5264,-628,57,-139,-264,307,306,317
1773624,6144,-5264,-628,57,-139,-264,305,302,313
1780300,6202,-5194,-624,-14,-178,-207,296,303,289
1787060,6202,-5194,-624,-14,-178,-207,312,302,320
1793804,6202,-5194,-624,-14,-178,-207,301,302,301
1800572,6162,-5168,-840,-34,-107,-216,310,305,331
1807324,6162,-5168,-840,-34,-107,-216,304,305,285
1814080,6200,-5258,-726,40,-187,-179,298,301,296
1820752,6200,-5258,-726,40,-187,-179,309,302,307
1827432,6200,-5258,-726,40,-187,-179,299,306,318
1834124,6314,-5390,-416,81,-283,-104,303,304,284
1840796,6314,-5390,-416,81,-283,-104,308,302,313
1847472,6314,-5390,-416,81,-283,-104,300,304,299
1854160,6322,-5528,-582,-42,-247,-115,309,303,318
1860916,6322,-5528,-582,-42,-247,-115,298,301,310
1867676,6336,-5372,-830,-98,-162,-161,310,308,341
1874436,6336,-5372,-830,-98,-162,-161,303,299,265
1881188,6336,-5372,-830,-98,-162,-161,300,304,331
1887948,6314,-5300,-970,-24,-137,-192,303,298,304
1894732,6314,-5300,-970,-24,-137,-192,301,303,301
1901524,6366,-5342,-816,-24,-137,-192,312,307,293
1908280,6366,-5342,-816,55,-219,-185,303,303,362
1914972,6366,-5342,-816,55,-219,-185,301,300,228
1921636,6282,-5222,-728,8,-220,-141,308,305,310
1928220,6282,-5222,-728,8,-220,-141,299,301,283
1934800,6282,-5222,-728,8,-220,-141,331,305,294
1941372,6234,-5276,-724,9,-222,-155,305,300,312
1947980,6234,-5276,-724,9,-222,-155,298,304,333
1954596,6220,-5060,-890,6,-228,-151,312,303,295
1961196,6220,-5060,-890,6,-228,-151,298,300,312
1967780,6220,-5060,-890,6,-228,-151,308,305,301
1974360,6202,-4968,-876,-11,-167,-130,303,303,301
1981128,6202,-4968,-876,-11,-167,-130,302,303,294
1987912,6202,-4968,-876,-11,-167,-130,307,304,320
1994684,6152,-5112,-980,-5,-88,-169,298,301,311
2001268,6152,-5112,-980,-5,-88,-169,323,306,304
2007860,6246,-5186,-1058,84,-89,-178,302,302,313
2014540,6246,-5186,-1058,84,-89,-178,301,302,295
2021228,6246,-5186,-1058,84,-89,-178,308,304,318
2027916,6356,-5226,-960,85,-110,-118,301,303,253
2034580,6356,-5226,-960,85,-110,-118,309,304,315
2041280,6356,-5226,-960,85,-110,-118,312,302,278
2047956,6250,-5224,-868,-11,-121,-99,300,305,303
2054628,6250,-5224,-868,-11,-121,-99,307,303,327
2061288,6340,-5048,-874,-6,-85,-114,302,302,286
2067876,6340,-5048,-874,-6,-85,-114,308,304,327
2074452,6340,-5048,-874,-6,-85,-114,304,303,328
2081052,6428,-5104,-1012,39,-76,-99,299,303,315
2087640,6428,-5104,-1012,39,-76,-99,308,302,286
2094220,6428,-5104,-1012,39,-76,-99,300,303,326
2100804,6284,-5304,-928,-3,-114,-90,307,304,290
2107388,6284,-5304,-928,-3,-114,-90,305,302,360
2113988,6082,-5062,-866,-90,-118,-77,272,303,289
2120652,6082,-5062,-866,-90,-118,-77,310,303,294
2127308,6082,-5062,-866,-90,-118,-77,301,303,324
2133968,6098,-4778,-1154,-26,-29,-65,306,306,319
2140636,6098,-4778,-1154,-26,-29,-65,299,303,304
2147324,6098,-4778,-1154,-26,-29,-65,301,303,296
2153996,6152,-4818,-974,68,11,-60,310,303,325
2160404,6152,-4818,-974,68,11,-60,320,299,289
2166820,6210,-4998,-880,93,46,-60,307,307,312
2173236,6210,-4998,-880,93,46,-60,309,301,278
2179660,6210,-4998,-880,93,46,-60,300,302,289
2186068,6374,-4946,-1018,50,65,-24,311,305,329
2192572,6374,-4946,-1018,50,65,-24,302,302,304
2199080,6374,-4946,-1018,50,65,-24,296,302,314
2205612,6548,-4918,-1026,36,24,21,309,303,290
2212044,6548,-4918,-1026,36,24,21,301,304,314
2218456,6548,-4918,-1026,36,24,21,309,306,338
2224868,6458,-4884,-1004,-11,25,51,304,302,311
2231372,6458,-4884,-1004,-11,25,51,264,305,288
2237884,6320,-4860,-1108,-2,32,101,310,303,304
2244380,6320,-4860,-1108,-2,32,101,301,305,319
2250892,6320,-4860,-1108,-2,32,101,306,304,318
2257392,6326,-4812,-1104,83,33,146,308,300,296
2263900,6326,-4812,-1104,83,33,146,301,303,307
2270412,6326,-4812,-1104,83,33,146,309,304,321
2276912,6478,-4978,-776,118,25,182,301,300,293
2283424,6478,-4978,-776,118,25,182,304,306,310
2289932,6478,-4978,-776,118,25,182,306,302,307
2296448,6578,-5120,-884,33,-2,144,301,303,298
2302864,6578,-5120,-884,33,-2,144,308,305,310
2309300,6534,-5024,-936,-20,-29,126,304,302,309
2315884,6534,-5024,-936,-20,-29,126,301,307,305
2322492,6534,-5024,-936,-20,-29,126,307,303,324
2329084,6338,-5120,-972,-113,-49,133,302,301,258
2335760,6338,-5120,-972,-113,-49,133,304,305,327
2342428,6338,-5120,-972,-113,-49,133,305,305,302
2349100,6228,-5252,-980,-129,-21,137,305,304,311
2355764,6228,-5252,-980,-129,-21,137,308,300,300
2362468,6056,-5194,-894,-29,35,128,300,304,311
2368980,6056,-5194,-894,-29,35,128,309,306,318
2375468,6056,-5194,-894,-29,35,128,306,302,284
2381988,6316,-5366,-808,-36,140,20,294,304,324
2388484,6316,-5366,-808,-36,140,20,309,302,300
2394980,6316,-5366,-808,-36,140,20,301,303,285
2401508,6568,-5316,-1128,-75,165,-32,313,304,307
2408176,6568,-5316,-1128,-75,165,-32,331,302,299
2414844,6836,-5330,-1264,-26,92,-12,280,306,316
2421428,6836,-5330,-1264,-26,92,-12,315,304,303
2428028,6836,-5330,-1264,-26,92,-12,304,302,294
2434616,6784,-5388,-1040,-46,-49,18,313,302,312
2441204,6784,-5388,-1040,-46,-49,18,303,303,306
2447804,6784,-5388,-1040,-46,-49,18,302,307,307
2454400,6604,-5138,-894,-103,-71,7,313,301,303
2460932,6604,-5138,-894,-103,-71,7,304,302,304
2467436,6360,-4844,-872,-83,-34,-29,309,308,312
2474028,6360,-4844,-872,-83,-34,-29,305,302,302
2480616,6360,-4844,-872,-83,-34,-29,296,303,308
2487196,6278,-5054,-894,-88,11,-46,305,303,313
2493708,6278,-5054,-894,-88,11,-46,309,303,265
2500220,6278,-5054,-894,-88,11,-46,305,303,325
2506720,6486,-5072,-1180,-122,6,-75,300,302,310
2513308,6486,-5072,-1180,-122,6,-75,299,302,305
2519888,6424,-4778,-1092,-122,6,-75,287,302,310
2526496,6424,-4778,-1092,-128,-32,-46,309,300,275
2533236,6424,-4778,-1092,-128,-32,-46,307,308,322
2540012,6330,-4716,-1000,-7,46,-93,307,302,304
2546508,6330,-4716,-1000,-7,46,-93,300,305,300
2553032,6330,-4716,-1000,-7,46,-93,311,301,307
2559536,6100,-4936,-1066,72,185,-136,302,303,307
2566228,6100,-4936,-1066,72,185,-136,304,304,298
2572900,6100,-4936,-1066,72,185,-136,306,302,311
2579580,6240,-5090,-934,5,211,-172,298,301,302
2586080,6240,-5090,-934,5,211,-172,312,306,305
2592584,6548,-4954,-924,-137,193,-157,299,298,311
2599344,6548,-4954,-924,-137,193,-157,306,305,310
2606096,6548,-4954,-924,-137,193,-157,306,303,304
2612864,6952,-4750,-1146,-4,182,-126,298,301,306
2619540,6952,-4750,-1146,-4,182,-126,312,303,309
2626212,6920,-4950,-894,-4,182,-126,301,302,303
2632812,6920,-4950,-894,27,111,-66,305,306,306
2639324,6920,-4950,-894,27,111,-66,308,304,308
2645828,6740,-4946,-880,39,30,-36,299,301,305
2652244,6740,-4946,-880,39,30,-36,313,310,310
2658668,6740,-4946,-880,39,30,-36,304,303,288
2665080,6468,-4870,-814,-48,19,-13,302,304,309
2671588,6468,-4870,-814,-48,19,-13,308,301,305
2678092,6468,-4870,-814,-48,19,-13,300,301,305
2684616,6558,-4618,-872,-15,3,-39,311,305,307
2691044,6558,-4618,-872,-15,3,-39,303,304,297
2697460,6524,-4728,-846,37,32,-45,297,301,299
2703876,6524,-4728,-846,37,32,-45,309,303,310
2710280,6524,-4728,-846,37,32,-45,298,303,297
2716692,6348,-4796,-966,30,70,-56,306,306,313
2723116,6348,-4796,-966,30,70,-56,306,304,299
2729552,6348,-4796,-966,30,70,-56,301,301,310
2735964,6368,-4896,-904,102,133,-105,312,304,290
2742652,6368,-4896,-904,102,133,-105,298,302,305
2749312,6368,-4896,-904,102,133,-105,303,303,311
2755996,6522,-4962,-820,83,134,-96,307,302,300
2762500,6522,-4962,-820,83,134,-96,299,302,309
2769012,6532,-5142,-908,71,106,-62,312,305,309
2775512,6532,-5142,-908,71,106,-62,306,304,297
2782012,6532,-5142,-908,71,106,-62,304,305,306
2788520,6598,-5140,-946,16,64,-44,304,302,306
2794948,6598,-5140,-946,16,64,-44,297,299,310
2801360,6598,-5140,-946,16,64,-44,311,304,306
2807792,6600,-5084,-910,-4,49,-4,304,301,309
2814116,6600,-5084,-910,-4,49,-4,300,302,296
2820452,6492,-4970,-788,-4,49,-4,311,302,308
2826780,6492,-4970,-788,7,56,-12,297,301,306
2833120,6492,-4970,-788,7,56,-12,305,306,302
2839456,6580,-5048,-726,0,62,-22,307,301,302
2845812,6580,-5048,-726,0,62,-22,297,302,307
2852148,6580,-5048,-726,0,62,-22,313,306,315
2858472,6600,-4970,-792,-26,35,1,302,303,295
2864804,6600,-4970,-792,-26,35,1,303,303,310
2871132,6600,-4970,-792,-26,35,1,307,302,310
2877468,6420,-4788,-894,-15,40,15,304,300,301
2883884,6420,-4788,-894,-15,40,15,299,311,315
2890288,6420,-4788,-894,-15,40,15,291,301,339
2896708,6430,-4900,-760,17,87,0,307,303,262
2902960,6430,-4900,-760,17,87,0,314,304,317
2909228,6632,-4840,-796,44,88,-28,301,303,307
2915652,6632,-4840,-796,44,88,-28,303,304,311
2922084,6632,-4840,-796,44,88,-28,309,304,299
2928516,6718,-4872,-836,26,70,-28,301,305,303
2934940,6718,-4872,-836,26,70,-28,313,306,315
2941364,6718,-4872,-836,26,70,-28,302,297,295
2947792,6642,-4906,-876,7,39,-3,299,303,306
2954044,6642,-4906,-876,7,39,-3,311,303,305
2960300,6642,-4906,-876,7,39,-3,298,301,307
2966548,6662,-4950,-858,4,27,-5,305,304,306
2972808,6662,-4950,-858,4,27,-5,307,302,313
2979060,6662,-4950,-858,4,27,-5,299,302,281
2985312,6686,-4924,-866,-5,21,-1,310,307,314
2991636,6686,-4924,-866,-5,21,-1,302,302,314
2997988,6452,-4946,-802,-23,8,9,301,304,288
3004256,6452,-4946,-802,-23,8,9,309,300,307
3010516,6452,-4946,-802,-23,8,9,299,301,303
3016756,6512,-4850,-760,21,41,-13,307,305,314
3023184,6512,-4850,-760,21,41,-13,305,306,298
3029620,6512,-4850,-760,21,41,-13,300,301,303
3036056,6564,-4798,-816,16,41,-8,308,310,326
3042412,6564,-4798,-816,16,41,-8,303,299,300
3048748,6564,-4798,-816,16,41,-8,303,303,306
3055068,6662,-4940,-822,-5,56,-22,306,301,304
3061484,6662,-4940,-822,-5,56,-22,298,302,302
3067916,6690,-4958,-724,-5,56,-22,310,305,308
3074340,6690,-4958,-724,0,19,-14,304,303,295
3080672,6690,-4958,-724,0,19,-14,300,304,308
3086996,6682,-4904,-742,-17,-21,2,309,299,304
3093404,6682,-4904,-742,-17,-21,2,302,306,314
3099828,6682,-4904,-742,-17,-21,2,307,305,299
3106252,6562,-4980,-736,-32,-5,2,306,303,302
3112584,6562,-4980,-736,-32,-5,2,302,300,314
3118936,6562,-4980,-736,-32,-5,2,311,304,280
3125288,6506,-4864,-786,-16,26,-12,300,301,319
3131788,6506,-4864,-786,-16,26,-12,304,305,320
3138296,6506,-4864,-786,-16,26,-12,307,298,284
3144816,6508,-4792,-772,27,34,-2,300,305,307
3151148,6508,-4792,-772,27,34,-2,304,305,309
3157496,6554,-4740,-752,19,41,-12,304,301,303
3163912,6554,-4740,-752,19,41,-12,300,304,309
3170348,6554,-4740,-752,19,41,-12,309,301,307
3176772,6580,-4856,-770,12,45,-9,301,301,299
3183116,6580,-4856,-770,12,45,-9,309,307,309
3189468,6580,-4856,-770,12,45,-9,304,296,307
3195808,6692,-4908,-734,-5,45,-2,302,312,310
3202164,6692,-4908,-734,-5,45,-2,311,303,301
3208500,6692,-4908,-734,-5,45,-2,302,302,305
3214828,6600,-5002,-718,3,31,-3,302,303,310
3221084,6600,-5002,-718,3,31,-3,309,303,301
3227344,6616,-4938,-766,3,31,-3,299,301,307
3233596,6616,-4938,-766,-17,29,-4,306,304,314
3240044,6616,-4938,-766,-17,29,-4,306,304,304
3246472,6522,-4880,-716,-6,12,3,298,302,305
3252708,6522,-4880,-716,-6,12,3,311,302,289
3258960,6522,-4880,-716,-6,12,3,301,301,302
3265228,6632,-4836,-776,-4,44,-2,300,303,314
3271584,6632,-4836,-776,-4,44,-2,307,305,305
3277940,6632,-4836,-776,-4,44,-2,300,303,301
3284276,6594,-4872,-792,34,45,-4,308,301,304
3290608,6594,-4872,-792,34,45,-4,305,302,299
3296936,6594,-4872,-792,34,45,-4,299,305,306
3303268,6536,-4864,-688,8,24,-3,312,302,307
3309532,6536,-4864,-688,8,24,-3,299,299,301
3315788,6598,-4890,-672,-28,40,-14,303,306,310
3322300,6598,-4890,-672,-28,40,-14,308,301,304
3328808,6598,-4890,-672,-28,40,-14,299,298,297
3335308,6720,-4842,-842,8,63,-17,312,304,303
3341644,6720,-4842,-842,8,63,-17,305,303,308
3348000,6720,-4842,-842,8,63,-17,300,302,314
3354336,6688,-4892,-788,21,31,-8,307,301,302
3360684,6688,-4892,-788,21,31,-8,300,304,301
3367012,6688,-4892,-788,21,31,-8,307,299,310
3373356,6604,-4882,-646,19,7,7,303,303,308
3379524,6604,-4882,-646,19,7,7,299,303,290
3385716,6604,-4882,-646,19,7,7,313,305,303
3391896,6548,-4850,-752,-26,36,-3,303,302,307
3398320,6548,-4850,-752,-26,36,-3,300,303,309
3404740,6590,-4840,-750,21,56,-24,307,303,307
3411172,6590,-4840,-750,21,56,-24,298,302,297
3417588,6590,-4840,-750,21,56,-24,311,305,310
3423996,6572,-4954,-682,26,48,-22,303,306,296
3430440,6572,-4954,-682,26,48,-22,301,302,303
3436860,6572,-4954,-682,26,48,-22,310,308,312
3443288,6562,-4894,-740,6,49,-10,299,299,299
3449620,6562,-4894,-740,6,49,-10,304,305,307
3455956,6562,-4894,-740,6,49,-10,307,302,307
3462292,6596,-4910,-764,7,58,-18,299,304,288
3468628,6596,-4910,-764,7,58,-18,313,304,319
3474976,6660,-4922,-730,29,79,-39,296,300,297
3481416,6660,-4922,-730,29,79,-39,302,308,316
3487860,6660,-4922,-730,29,79,-39,310,300,294
3494268,6632,-4842,-666,38,60,-35,298,303,299
3500680,6632,-4842,-666,38,60,-35,308,305,322
3507116,6632,-4842,-666,38,60,-35,303,303,306
3513556,6662,-4804,-704,26,53,-28,300,303,304
3519976,6662,-4804,-704,26,53,-28,308,304,310
3526400,6662,-4804,-704,26,53,-28,300,304,308
3532828,6710,-4828,-682,50,41,-23,306,302,286
3539252,6710,-4828,-682,50,41,-23,307,304,308
3545668,6640,-4832,-622,41,42,-24,298,302,321
3552088,6640,-4832,-622,41,42,-24,311,301,303
3558516,6640,-4832,-622,41,42,-24,300,303,290
3564940,6552,-4786,-602,56,33,-3,304,307,303
3571260,6552,-4786,-602,56,33,-3,308,302,309
3577604,6552,-4786,-602,56,33,-3,302,305,299
3583968,6580,-4846,-536,47,24,-8,308,304,318
3590292,6580,-4846,-536,47,24,-8,306,302,305
3596628,6580,-4846,-536,47,24,-8,298,302,313
3602972,6632,-4808,-522,33,41,-28,310,303,294
3609380,6632,-4808,-522,33,41,-28,300,303,311
3615792,6632,-4808,-522,33,41,-28,305,303,311
3622220,6694,-4844,-592,35,49,-25,308,302,302
3628664,6694,-4844,-592,35,49,-25,299,304,314
3635104,6658,-4938,-640,15,28,-13,312,303,298
3641548,6658,-4938,-640,15,28,-13,304,305,304
3647964,6658,-4938,-640,15,28,-13,300,302,311
3654380,6606,-4902,-650,-2,9,-3,306,308,296
3660648,6606,-4902,-650,-2,9,-3,299,301,322
3666900,6606,-4902,-650,-2,9,-3,308,306,301
3673148,6646,-4936,-548,-47,10,-12,304,299,305
3679652,6646,-4936,-548,-47,10,-12,298,302,311
3686148,6646,-4936,-548,-47,10,-12,311,303,307
3692676,6744,-4696,-660,8,32,-6,299,304,303
3698932,6744,-4696,-660,8,32,-6,302,303,309
3705196,6626,-4998,-516,-41,-32,6,308,303,304
3711616,6626,-4998,-516,-41,-32,6,301,301,306
3718064,6626,-4998,-516,-41,-32,6,309,306,298
3724500,6772,-4822,-600,-77,-5,-5,302,303,293
3730908,6772,-4822,-600,-77,-5,-5,299,300,302
3737324,6772,-4822,-600,-77,-5,-5,309,305,304
3743764,6686,-4796,-700,-10,-3,-6,299,300,307
3750192,6686,-4796,-700,-10,-3,-6,307,306,313
3756608,6686,-4796,-700,-10,-3,-6,304,300,288
3763052,6516,-4828,-674,-3,16,5,299,302,306
3769312,6516,-4828,-674,-3,16,5,312,304,309
3775556,6598,-4908,-588,-6,16,-20,301,302,295
3781980,6598,-4908,-588,-6,16,-20,308,308,309
3788396,6598,-4908,-588,-6,16,-20,308,302,301
3794832,6714,-4808,-700,-43,10,-13,298,303,307
3801356,6714,-4808,-700,-43,10,-13,302,304,310
3807860,6714,-4808,-700,-43,10,-13,302,303,311
3814380,6730,-4800,-688,-10,10,-16,305,305,307
3820892,6730,-4800,-688,-10,10,-16,310,302,294
3827408,6730,-4800,-688,-10,10,-16,299,301,309
3833920,6698,-4894,-696,-12,-1,-12,310,307,312
3840428,6698,-4894,-696,-12,-1,-12,303,301,297
3846944,6588,-4820,-638,-5,1,-4,300,302,304
3853180,6588,-4820,-638,-5,1,-4,308,300,309
3859428,6588,-4820,-638,-5,1,-4,299,300,293
3865676,6536,-4856,-594,3,22,-21,302,306,316
3872012,6536,-4856,-594,3,22,-21,307,301,311
3878356,6536,-4856,-594,3,22,-21,301,303,297
3884696,6546,-4830,-606,-6,29,-2,311,304,308
3891028,6546,-4830,-606,-6,29,-2,303,302,307
3897380,6546,-4830,-606,-6,29,-2,300,301,299
3903716,6618,-4820,-638,-13,36,0,310,306,307
3910052,6618,-4820,-638,-13,36,0,301,302,298
3916400,6706,-4804,-612,-13,36,0,306,302,318
3922752,6706,-4804,-612,14,18,-2,306,310,303
3929120,6706,-4804,-612,14,18,-2,301,301,304
3935444,6676,-4886,-614,6,31,-3,311,303,308
3941684,6676,-4886,-614,6,31,-3,306,302,305
3947940,6676,-4886,-614,6,31,-3,301,305,315
3954192,6654,-4918,-666,-7,26,-18,307,303,295
3960632,6654,-4918,-666,-7,26,-18,299,302,302
3967068,6654,-4918,-666,-7,26,-18,308,306,313
3973492,6672,-4752,-716,-20,10,1,302,295,301
3979832,6672,-4752,-716,-20,10,1,299,303,312
3986180,6672,-4752,-716,-20,10,1,311,307,294
3992548,6600,-4766,-616,33,20,-5,300,303,300
3998880,6600,-4766,-616,33,20,-5,308,305,311
4005220,6636,-4846,-548,14,31,5,307,299,290
4011460,6636,-4846,-548,14,31,5,299,303,305
4017696,6636,-4846,-548,14,31,5,310,305,309
4023948,6778,-4840,-620,-6,18,5,302,301,304
4030216,6778,-4840,-620,-6,18,5,299,305,313
4036484,6778,-4840,-620,-6,18,5,311,302,288
4042756,6728,-4830,-570,9,-10,5,300,303,307
4049000,6728,-4830,-570,9,-10,5,305,304,319
4055252,6728,-4830,-570,9,-10,5,308,304,301
4061512,6638,-4808,-622,5,8,-4,300,306,300
4067700,6638,-4808,-622,5,8,-4,308,304,311
4073884,6638,-4808,-622,5,8,-4,307,300,282
4080048,6506,-4798,-638,13,17,8,300,304,314
4086284,6506,-4798,-638,13,17,8,310,304,304
4092528,6506,-4798,-638,13,17,8,302,305,304
4098800,6542,-4906,-616,-8,34,-4,303,304,310
4105132,6542,-4906,-616,-8,34,-4,307,304,302
4111476,6692,-4840,-536,9,34,-29,298,303,295
4117804,6692,-4840,-536,9,34,-29,311,303,310
4124132,6692,-4840,-536,9,34,-29,302,302,307
4130464,6726,-4778,-530,7,25,-10,302,306,300
4136812,6726,-4778,-530,7,25,-10,310,304,313
4143156,6726,-4778,-530,7,25,-10,301,300,295
4149492,6648,-4868,-630,-4,10,1,306,310,315
4155740,6648,-4868,-630,-4,10,1,307,303,309
4161996,6648,-4868,-630,-4,10,1,300,302,301
4168236,6648,-4820,-576,-6,9,11,310,305,314
4174488,6648,-4820,-576,-6,9,11,303,301,294
4180736,6648,-4820,-576,-6,9,11,299,303,302
4186972,6692,-4862,-558,-7,27,-4,310,302,310
4193324,6692,-4862,-558,-7,27,-4,301,302,306
4199660,6752,-4910,-608,-12,14,5,303,306,313
4206004,6752,-4910,-608,-12,14,5,307,301,297
4212348,6752,-4910,-608,-12,14,5,302,302,305
4218676,6666,-4860,-600,-18,-9,14,311,303,314
4225116,6666,-4860,-600,-18,-9,14,302,303,294
4231540,6666,-4860,-600,-18,-9,14,303,303,309
4237976,6652,-4872,-570,-24,1,-1,308,302,281
4244324,6652,-4872,-570,-24,1,-1,299,303,306
4250656,6652,-4872,-570,-24,1,-1,308,304,315
4256988,6636,-4836,-594,-13,11,0,307,301,301
4263328,6636,-4836,-594,-13,11,0,298,301,314
4269668,6636,-4836,-594,-13,11,0,311,302,296
4276000,6648,-4850,-628,-11,0,9,296,301,304
4282236,6648,-4850,-628,-11,0,9,304,304,298
4288500,6584,-4880,-650,-14,-7,6,308,302,298
4294828,6584,-4880,-650,-14,-7,6,298,306,297
4301164,6584,-4880,-650,-14,-7,6,311,304,313
4307492,6530,-4798,-646,-2,6,1,306,301,305
4313680,6530,-4798,-646,-2,6,1,298,302,302
4319844,6530,-4798,-646,-2,6,1,309,308,307
4326028,6554,-4848,-586,2,23,-14,301,302,306
4332384,6554,-4848,-586,2,23,-14,306,302,307
4338732,6554,-4848,-586,2,23,-14,307,302,302
4345072,6618,-4838,-586,4,24,-11,299,301,305
4351412,6618,-4838,-586,4,24,-11,309,306,311
4357752,6618,-4838,-586,4,24,-11,304,304,294
4364104,6610,-4830,-650,-5,20,-5,300,305,315
4370460,6610,-4830,-650,-5,20,-5,308,302,290
4376796,6590,-4826,-634,0,17,-3,301,303,305
4383036,6590,-4826,-634,0,17,-3,307,304,312
4389284,6590,-4826,-634,0,17,-3,307,302,308
4395536,6674,-4786,-620,-13,31,-18,300,304,292
4402040,6674,-4786,-620,-13,31,-18,311,302,313
4408532,6674,-4786,-620,-13,31,-18,301,302,303
4415032,6716,-4778,-618,-8,33,-8,303,307,316
4421384,6716,-4778,-618,-8,33,-8,307,302,301
4427724,6716,-4778,-618,-8,33,-8,305,302,297
4434060,6744,-4850,-648,-18,13,11,312,304,312
4440484,6744,-4850,-648,-18,13,11,304,301,301
4446904,6668,-4846,-640,-18,13,11,300,303,317
4453348,6668,-4846,-640,-18,2,6,311,303,306
4459596,6668,-4846,-640,-18,2,6,299,306,304
4465844,6614,-4780,-582,-3,20,-4,304,304,321
4472180,6614,-4780,-582,-3,20,-4,307,301,294
4478544,6614,-4780,-582,-3,20,-4,301,302,309
4484884,6650,-4920,-626,-13,29,-10,312,302,301
4491404,6650,-4920,-626,-13,29,-10,298,306,311
4497904,6650,-4920,-626,-13,29,-10,304,301,307
4504420,6700,-4820,-636,-4,15,-7,309,302,295
4510764,6700,-4820,-636,-4,15,-7,298,304,309
4517092,6700,-4820,-636,-4,15,-7,302,303,313
4523428,6688,-4764,-658,3,38,-11,304,302,300
4529764,6688,-4764,-658,3,38,-11,299,305,307
4536104,6658,-4798,-540,10,14,-3,312,302,299
4542452,6658,-4798,-540,10,14,-3,299,303,298
4548788,6658,-4798,-540,10,14,-3,304,305,310
4555124,6634,-4876,-596,0,3,-1,305,302,302
4561308,6634,-4876,-596,0,3,-1,299,303,310
4567484,6634,-4876,-596,0,3,-1,311,306,306
4573652,6640,-4850,-538,-3,24,-10,303,304,317
4580064,6640,-4850,-538,-3,24,-10,297,301,292
4586492,6640,-4850,-538,-3,24,-10,308,303,300
4592916,6614,-4814,-606,1,24,-1,299,302,305
4599172,6614,-4814,-606,1,24,-1,306,303,314
4605416,6614,-4814,-606,1,24,-1,307,304,289
4611656,6600,-4812,-646,6,16,16,299,302,300
4617900,6600,-4812,-646,6,16,16,315,304,311
4624168,6554,-4882,-568,19,30,-14,302,302,297
4630576,6554,-4882,-568,19,30,-14,301,304,297
4636996,6554,-4882,-568,19,30,-14,308,300,308
4643436,6678,-4832,-604,10,38,-9,297,303,306
4649792,6678,-4832,-604,10,38,-9,309,305,309
4656132,6678,-4832,-604,10,38,-9,306,301,301
4662468,6626,-4790,-636,7,21,-2,298,302,304
4668716,6626,-4790,-636,7,21,-2,316,305,305
4674956,6626,-4790,-636,7,21,-2,303,305,297
4681188,6574,-4854,-546,4,13,-13,303,301,311
4687524,6574,-4854,-546,4,13,-13,309,303,306
4693876,6574,-4854,-546,4,13,-13,299,302,313
4700236,6696,-4830,-590,9,43,-18,311,305,306
4706584,6696,-4830,-590,9,43,-18,306,300,298
4712916,6674,-4828,-646,12,32,7,298,306,308
4719148,6674,-4828,-646,12,32,7,309,302,306
4725416,6674,-4828,-646,12,32,7,301,302,304
4731684,6670,-4810,-618,7,13,9,301,303,302
4737880,6670,-4810,-618,7,13,9,312,301,295
4744052,6670,-4810,-618,7,13,9,300,303,305
4750212,6608,-4832,-538,32,14,-3,308,307,319
4756572,6608,-4832,-538,32,14,-3,303,301,288
4762916,6608,-4832,-538,32,14,-3,300,307,313
4769240,6586,-4830,-520,23,34,-15,309,305,306
4775652,6586,-4830,-520,23,34,-15,301,301,302
4782092,6586,-4830,-520,23,34,-15,304,302,312
4788516,6666,-4812,-652,15,37,-22,307,303,306
4794928,6666,-4812,-652,15,37,-22,298,304,310
4801372,6764,-4896,-582,16,26,-11,313,304,292
4807788,6764,-4896,-582,16,26,-11,305,302,307
4814212,6764,-4896,-582,16,26,-11,304,304,312
4820632,6706,-4886,-582,12,12,-10,308,301,299
