88,7104,-4054,-604,-14,-9,-7,305,306,310
10056,7084,-4108,-624,-17,-11,-13,305,302,300
16544,7084,-4108,-624,-17,-11,-13,304,303,331
23032,7084,-4108,-624,-17,-11,-13,304,303,290
29544,7088,-4042,-528,-19,10,-11,303,304,285
35944,7088,-4042,-528,-19,10,-11,301,300,332
42336,7088,-4042,-528,-19,10,-11,305,304,287
48752,7146,-4042,-610,-15,26,-4,303,303,307
55072,7146,-4042,-610,-15,26,-4,305,304,288
61400,7146,-4042,-610,-15,26,-4,305,304,318
67720,7118,-4062,-632,6,-7,2,303,303,261
73808,7118,-4062,-632,6,-7,2,306,304,323
79876,7118,-4062,-632,6,-7,2,304,303,259
85972,7080,-4106,-618,-17,-14,7,304,303,332
92296,7080,-4106,-618,-17,-14,7,306,304,297
98620,7036,-4050,-610,-4,1,5,306,303,313
104700,7036,-4050,-610,-4,1,5,306,307,262
110840,7036,-4050,-610,-4,1,5,303,301,301
116968,7132,-4114,-566,-2,26,-6,303,302,307
123284,7132,-4114,-566,-2,26,-6,306,303,294
129600,7132,-4114,-566,-2,26,-6,303,303,316
135888,7208,-4122,-612,-19,24,-12,305,305,310
142356,7208,-4122,-612,-19,24,-12,305,302,300
148824,7208,-4122,-612,-19,24,-12,304,301,295
155288,7206,-3990,-694,-4,-24,16,307,302,299
161672,7206,-3990,-694,-4,-24,16,301,302,303
168060,7206,-3990,-694,-4,-24,16,305,304,307
174460,7030,-4096,-614,19,-31,23,305,300,282
180848,7030,-4096,-614,19,-31,23,303,301,293
187228,6870,-4182,-518,-9,-16,6,305,306,352
193528,6870,-4182,-518,-9,-16,6,307,301,213
199828,6870,-4182,-518,-9,-16,6,303,302,330
206132,7082,-4216,-554,-33,30,-1,306,302,310
212528,7082,-4216,-554,-33,30,-1,302,303,277
218908,7082,-4216,-554,-33,30,-1,305,305,339
225284,7194,-4116,-634,-26,2,10,306,302,287
231592,7194,-4116,-634,-26,2,10,304,303,282
237884,7194,-4116,-634,-26,2,10,304,305,313
244184,7184,-4066,-676,-19,-33,12,305,301,287
250668,7184,-4066,-676,-19,-33,12,300,304,358
257132,7014,-4070,-586,-19,-33,12,308,299,241
263600,7014,-4070,-586,-15,-14,-4,302,303,303
270064,7014,-4070,-586,-15,-14,-4,304,307,331
276524,7184,-4212,-604,-22,16,-6,304,304,261
282904,7184,-4212,-604,-22,16,-6,303,304,333
289292,7184,-4212,-604,-22,16,-6,308,305,287
295672,7272,-4016,-700,-17,21,1,303,303,279
301988,7272,-4016,-700,-17,21,1,307,305,315
308288,7272,-4016,-700,-17,21,1,305,303,299
314588,7208,-4092,-624,29,-16,-5,304,302,311
320972,7208,-4092,-624,29,-16,-5,303,305,258
327364,7208,-4092,-624,29,-16,-5,305,297,315
333752,7090,-4118,-582,0,-16,-11,303,307,303
340140,7090,-4118,-582,0,-16,-11,307,303,280
346528,7058,-4162,-616,-23,24,-5,303,304,278
352924,7058,-4162,-616,-23,24,-5,304,306,305
359312,7058,-4162,-616,-23,24,-5,301,301,312
365716,7088,-4022,-676,18,23,-5,304,301,308
372020,7088,-4022,-676,18,23,-5,304,304,303
378312,7088,-4022,-676,18,23,-5,303,300,288
384616,7180,-4082,-560,-2,3,-23,305,307,323
390900,7180,-4082,-560,-2,3,-23,303,300,283
397196,7180,-4082,-560,-2,3,-23,302,301,275
403476,7132,-4010,-616,-20,30,-44,305,306,323
409944,7132,-4010,-616,-20,30,-44,302,302,259
416424,7166,-4172,-624,-20,30,-44,305,303,324
422900,7166,-4172,-624,14,47,-63,307,305,305
429288,7166,-4172,-624,14,47,-63,303,302,284
435668,7230,-4124,-658,3,38,-73,303,302,301
441968,7230,-4124,-658,3,38,-73,304,303,300
448276,7230,-4124,-658,3,38,-73,305,303,298
454576,7252,-4210,-658,12,35,-89,305,304,310
460980,7252,-4210,-658,12,35,-89,304,302,287
467360,7252,-4210,-658,12,35,-89,303,302,359
473748,7374,-4286,-518,-27,-4,-95,304,302,262
480224,7374,-4286,-518,-27,-4,-95,305,304,311
486688,7374,-4286,-518,-27,-4,-95,304,302,315
493164,7444,-4210,-594,-64,-48,-103,304,301,297
499812,7444,-4210,-594,-64,-48,-103,302,303,297
506456,7240,-4004,-778,-69,-46,-70,305,303,300
513012,7240,-4004,-778,-69,-46,-70,303,303,295
519576,7240,-4004,-778,-69,-46,-70,300,304,312
526136,7022,-4136,-588,-45,-82,-76,304,303,315
532700,7022,-4136,-588,-45,-82,-76,303,303,277
539268,7022,-4136,-588,-45,-82,-76,306,303,287
545812,7126,-4158,-618,-75,-50,-83,303,304,325
552368,7126,-4158,-618,-75,-50,-83,304,304,282
558932,7150,-3854,-674,-68,-51,-70,305,302,304
565488,7150,-3854,-674,-68,-51,-70,304,301,307
572064,7150,-3854,-674,-68,-51,-70,306,304,293
578628,7124,-3820,-560,-46,-104,-64,306,303,309
585264,7124,-3820,-560,-46,-104,-64,303,305,331
591908,7124,-3820,-560,-46,-104,-64,305,305,276
598556,6976,-4020,-710,-59,-26,-92,297,302,292
605112,6976,-4020,-710,-59,-26,-92,304,303,306
611668,7026,-3972,-784,-69,6,-89,304,304,303
618072,7026,-3972,-784,-69,6,-89,300,301,296
624464,7026,-3972,-784,-69,6,-89,308,302,306
630856,7142,-3976,-702,-11,10,-86,302,301,285
637312,7142,-3976,-702,-11,10,-86,306,307,313
643772,7142,-3976,-702,-11,10,-86,304,298,292
650248,7118,-3876,-624,-22,-28,-29,303,305,320
656808,7118,-3876,-624,-22,-28,-29,306,304,282
663384,7118,-3876,-624,-22,-28,-29,303,302,293
669936,6900,-3998,-674,-30,-15,-14,306,307,307
676496,6900,-3998,-674,-30,-15,-14,304,303,296
683048,7024,-4030,-654,-46,10,-9,304,302,306
689424,7024,-4030,-654,-46,10,-9,305,303,302
695816,7024,-4030,-654,-46,10,-9,303,303,285
702200,7280,-3876,-622,-35,-56,45,304,304,327
708668,7280,-3876,-622,-35,-56,45,305,303,279
715144,7280,-3876,-622,-35,-56,45,303,301,295
721604,7202,-3880,-642,-42,-66,49,306,305,291
728088,7202,-3880,-642,-42,-66,49,303,302,280
734560,7050,-3960,-898,-42,-66,49,304,301,334
741028,7050,-3960,-898,-78,-15,66,305,303,311
747512,7050,-3960,-898,-78,-15,66,302,303,263
753992,6956,-3966,-774,-65,-25,49,306,305,315
760456,6956,-3966,-774,-65,-25,49,304,301,295
766928,6956,-3966,-774,-65,-25,49,304,304,342
773400,7078,-3982,-750,-62,3,43,306,304,255
779692,7078,-3982,-750,-62,3,43,303,301,330
786008,7078,-3982,-750,-62,3,43,304,304,282
792300,7268,-3946,-684,-28,5,76,304,303,309
798600,7268,-3946,-684,-28,5,76,304,302,304
804908,7268,-3946,-684,-28,5,76,307,306,281
811200,7356,-3956,-844,-48,-34,95,302,302,292
817680,7356,-3956,-844,-48,-34,95,304,303,310
824160,7282,-3986,-750,-77,-74,104,306,303,291
830716,7282,-3986,-750,-77,-74,104,303,301,304
837272,7282,-3986,-750,-77,-74,104,306,306,311
843832,7086,-3824,-908,-88,-66,122,302,297,312
850384,7086,-3824,-908,-88,-66,122,303,306,279
856948,7086,-3824,-908,-88,-66,122,309,303,312
863504,7086,-4008,-756,-70,-72,85,300,299,298
869968,7086,-4008,-756,-70,-72,85,306,305,330
876456,7126,-3830,-760,-54,-80,92,306,304,304
882956,7126,-3830,-760,-54,-80,92,302,301,291
889432,7126,-3830,-760,-54,-80,92,306,304,301
895912,7168,-3764,-928,-34,-46,80,302,299,312
902396,7168,-3764,-928,-34,-46,80,306,302,332
908868,7168,-3764,-928,-34,-46,80,307,303,252
915344,7220,-3962,-1062,1,-46,64,303,300,319
921720,7220,-3962,-1062,1,-46,64,307,306,310
928104,7220,-3962,-1062,1,-46,64,304,299,247
934496,7256,-4180,-1040,30,-70,59,302,305,350
940960,7256,-4180,-1040,30,-70,59,306,306,275
947432,7358,-4158,-960,56,-124,69,304,301,319
953904,7358,-4158,-960,56,-124,69,306,304,278
960380,7358,-4158,-960,56,-124,69,303,304,301
966848,7364,-4124,-908,-14,-171,64,302,303,311
973412,7364,-4124,-908,-14,-171,64,308,306,265
979976,7364,-4124,-908,-14,-171,64,304,300,297
986524,7276,-4144,-958,-38,-167,30,305,307,366
993080,7276,-4144,-958,-38,-167,30,300,298,268
999640,7328,-4210,-1074,-38,-167,30,303,305,304
1006276,7328,-4210,-1074,-44,-160,18,307,304,312
1012948,7328,-4210,-1074,-44,-160,18,303,303,297
1019632,7322,-4142,-1038,-84,-234,52,304,303,308
1026316,7322,-4142,-1038,-84,-234,52,304,301,300
1032992,7322,-4142,-1038,-84,-234,52,302,304,315
1039676,6948,-4012,-1188,-165,-207,90,307,302,304
1046432,6948,-4012,-1188,-165,-207,90,302,303,208
1053176,6812,-4112,-1140,-139,-171,68,304,305,352
1059916,6812,-4112,-1140,-139,-171,68,304,304,316
1066676,6812,-4112,-1140,-139,-171,68,303,305,330
1073428,7068,-4056,-1072,-116,-154,72,307,304,275
1080180,7068,-4056,-1072,-116,-154,72,303,300,307
1086928,7068,-4056,-1072,-116,-154,72,308,306,332
1093692,7094,-4054,-1174,-128,-149,90,303,304,260
1100444,7094,-4054,-1174,-128,-149,90,304,302,357
1107200,6876,-4076,-1186,-114,-135,81,306,296,189
1113944,6876,-4076,-1186,-114,-135,81,303,306,357
1120680,6876,-4076,-1186,-114,-135,81,308,306,291
1127444,6676,-4146,-1212,-79,-98,48,299,303,280
1134020,6676,-4146,-1212,-79,-98,48,302,303,339
1140624,6676,-4146,-1212,-79,-98,48,307,300,296
1147216,6800,-4030,-1126,-35,-48,33,300,301,280
1153788,6800,-4030,-1126,-35,-48,33,308,306,321
1160368,6892,-4128,-1060,-58,-19,34,307,303,280
1166960,6892,-4128,-1060,-58,-19,34,303,303,333
1173536,6892,-4128,-1060,-58,-19,34,304,303,228
1180104,7022,-4070,-1236,-80,14,54,301,300,342
1186616,7022,-4070,-1236,-80,14,54,306,306,287
1193132,7022,-4070,-1236,-80,14,54,305,302,306
1199648,7028,-4170,-1362,-69,8,47,302,304,282
1206068,7028,-4170,-1362,-69,8,47,309,306,344
1212480,7002,-4156,-1242,13,-60,33,304,300,260
1218976,7002,-4156,-1242,13,-60,33,305,306,355
1225472,7002,-4156,-1242,13,-60,33,303,302,272
1231968,7062,-4236,-1038,-9,-45,31,301,301,323
1238464,7062,-4236,-1038,-9,-45,31,309,308,318
1244976,7062,-4236,-1038,-9,-45,31,300,297,311
1251488,6996,-4146,-1310,-77,-3,41,305,304,300
1258000,6996,-4146,-1310,-77,-3,41,306,305,305
1264504,6996,-4146,-1310,-77,-3,41,300,302,278
1271008,6930,-4002,-1308,-48,-67,68,309,305,312
1277612,6930,-4002,-1308,-48,-67,68,304,301,301
1284196,6894,-4272,-1264,-46,-66,51,305,303,304
1290784,6894,-4272,-1264,-46,-66,51,305,303,306
1297376,6894,-4272,-1264,-46,-66,51,302,301,273
1303952,6828,-4318,-1324,-68,-6,37,310,307,328
1310464,6828,-4318,-1324,-68,-6,37,304,299,285
1316972,6828,-4318,-1324,-68,-6,37,302,307,316
1323464,6812,-4222,-1260,-74,46,-4,307,303,302
1329976,6812,-4222,-1260,-74,46,-4,301,296,271
1336480,6954,-4318,-1284,-68,63,-27,307,310,289
1343064,6954,-4318,-1284,-68,63,-27,302,304,352
1349652,6954,-4318,-1284,-68,63,-27,303,299,287
1356240,7248,-4334,-1284,-35,20,-15,309,307,362
1362832,7248,-4334,-1284,-35,20,-15,303,295,232
1369428,7248,-4334,-1284,-35,20,-15,302,305,359
1376024,7260,-4240,-1270,-43,-53,15,302,303,280
1382616,7260,-4240,-1270,-43,-53,15,303,306,311
1389208,7074,-4232,-1204,-57,-124,23,307,301,255
1395876,7074,-4232,-1204,-57,-124,23,301,300,327
1402544,7074,-4232,-1204,-57,-124,23,307,305,265
1409216,7076,-4118,-1286,-117,-131,7,307,305,344
1415876,7076,-4118,-1286,-117,-131,7,301,302,253
1422540,7076,-4118,-1286,-117,-131,7,309,302,277
1429204,6810,-4074,-1354,-83,-122,0,301,303,296
1435784,6810,-4074,-1354,-83,-122,0,308,304,336
1442384,6814,-3974,-1336,-44,-55,-51,302,304,291
1449056,6814,-3974,-1336,-44,-55,-51,302,301,312
1455724,6814,-3974,-1336,-44,-55,-51,308,302,320
1462388,7072,-3982,-1356,-54,-28,-82,304,301,264
1469080,7072,-3982,-1356,-54,-28,-82,305,302,316
1475756,7072,-3982,-1356,-54,-28,-82,307,305,315
1482436,7030,-4150,-1478,-53,-62,-73,301,299,261
1489112,7030,-4150,-1478,-53,-62,-73,306,315,349
1495772,6966,-4230,-1600,-44,-57,-50,304,298,260
1502448,6966,-4230,-1600,-44,-57,-50,305,303,334
1509108,6966,-4230,-1600,-44,-57,-50,304,304,296
1515780,6956,-4146,-1430,-22,-95,-27,303,303,296
1522456,6956,-4146,-1430,-22,-95,-27,307,297,262
1529124,6956,-4146,-1430,-22,-95,-27,301,297,314
1535824,6942,-4204,-1248,-64,-66,-34,306,313,312
1542492,6942,-4204,-1248,-64,-66,-34,306,301,308
1549184,6930,-3962,-1488,-64,-46,12,304,300,318
1555784,6930,-3962,-1488,-64,-46,12,306,300,224
1562392,6930,-3962,-1488,-64,-46,12,303,301,330
1568968,7016,-4044,-1656,5,-78,39,307,311,315
1575380,7016,-4044,-1656,5,-78,39,304,302,259
1581796,7016,-4044,-1656,5,-78,39,302,294,299
1588204,6890,-4232,-1354,37,-131,23,307,305,297
1594792,6890,-4232,-1354,37,-131,23,303,306,323
1601408,6844,-3974,-1336,-32,-101,27,305,302,304
1608100,6844,-3974,-1336,-32,-101,27,305,303,278
1614776,6844,-3974,-1336,-32,-101,27,302,303,323
1621448,6850,-3830,-1450,-5,-73,30,309,302,290
1627960,6850,-3830,-1450,-5,-73,30,301,307,293
1634464,6850,-3830,-1450,-5,-73,30,305,304,341
1640968,6826,-3806,-1612,47,-14,17,307,303,272
1647460,6826,-3806,-1612,47,-14,17,302,303,315
1653976,6738,-3998,-1412,107,-49,13,308,305,317
1660576,6738,-3998,-1412,107,-49,13,303,303,283
1667160,6738,-3998,-1412,107,-49,13,303,305,311
1673760,6834,-4182,-1308,53,5,0,309,308,285
1679996,6834,-4182,-1308,53,5,0,305,300,268
1686236,6834,-4182,-1308,53,5,0,305,305,299
1692496,6870,-4124,-1572,-24,88,-9,304,301,330
1699008,6870,-4124,-1572,-24,88,-9,298,303,291
1705520,6870,-4124,-1572,-24,88,-9,307,303,312
1712024,6904,-4050,-1762,46,85,-7,300,302,324
1718440,6904,-4050,-1762,46,85,-7,305,306,297
1724860,7112,-4220,-1372,108,-9,37,306,290,266
1731360,7112,-4220,-1372,108,-9,37,298,307,283
1737860,7112,-4220,-1372,108,-9,37,306,310,331
1744376,7188,-4354,-1282,38,-26,41,305,288,305
1750880,7188,-4354,-1282,38,-26,41,303,307,309
1757376,7188,-4354,-1282,38,-26,41,309,304,266
1763892,7064,-4206,-1592,-9,-11,33,301,300,316
1770400,7064,-4206,-1592,-9,-11,33,307,300,326
1776900,7064,-4206,-1592,-9,-11,33,280,304,276
1783396,6970,-4166,-1526,64,-81,28,304,305,304
1789896,6970,-4166,-1526,64,-81,28,310,308,300
1796392,6718,-4300,-1598,-14,-69,43,299,291,256
1802964,6718,-4300,-1598,-14,-69,43,309,315,354
1809536,6718,-4300,-1598,-14,-69,43,306,304,293
1816148,6642,-4122,-1738,28,28,18,301,298,333
1822568,6642,-4122,-1738,28,28,18,305,305,268
1828992,6642,-4122,-1738,28,28,18,301,302,291
1835396,6732,-4274,-1484,77,69,-43,304,307,358
1841920,6732,-4274,-1484,77,69,-43,305,299,265
1848416,6918,-4334,-1280,20,78,-61,300,306,301
1854928,6918,-4334,-1280,20,78,-61,311,302,353
1861456,6918,-4334,-1280,20,78,-61,304,255,244
1867952,7112,-4186,-1664,-40,66,11,303,334,306
1874448,7112,-4186,-1664,-40,66,11,304,297,346
1880944,7112,-4186,-1664,-40,66,11,301,296,229
1887444,7022,-4168,-1726,58,2,64,314,306,322
1893768,7022,-4168,-1726,58,2,64,303,300,275
1900100,7022,-4168,-1726,58,2,64,300,302,302
1906432,6992,-4320,-1618,27,-46,60,306,304,358
1912932,6992,-4320,-1618,27,-46,60,301,293,206
1919448,6880,-4210,-1304,12,-89,54,305,317,337
1925968,6880,-4210,-1304,12,-89,54,305,306,310
1932476,6880,-4210,-1304,12,-89,54,302,298,337
1939008,6906,-4032,-1486,-21,13,17,305,299,258
1945520,6906,-4032,-1486,-21,13,17,304,314,309
1952032,6906,-4032,-1486,-21,13,17,305,306,328
1958524,6774,-4264,-1618,60,51,5,304,298,304
1964856,6774,-4264,-1618,60,51,5,299,298,293
1971192,6774,-4264,-1618,60,51,5,311,305,325
1977528,6954,-4246,-1354,55,7,5,305,297,292
1983780,6954,-4246,-1354,55,7,5,301,308,331
1990032,6850,-4106,-1428,-31,36,0,314,304,268
1996460,6850,-4106,-1428,-31,36,0,299,301,296
2002868,6850,-4106,-1428,-31,36,0,302,302,349
2009300,6764,-4122,-1502,45,45,-5,302,297,277
2015720,6764,-4122,-1502,45,45,-5,304,306,305
2022128,6764,-4122,-1502,45,45,-5,309,308,325
2028544,6836,-4440,-1502,53,72,44,302,301,299
2034952,6836,-4440,-1502,53,72,44,304,291,255
2041376,6836,-4440,-1502,53,72,44,305,318,308
2047772,7042,-4558,-1328,14,1,31,300,300,304
2054096,7042,-4558,-1328,14,1,31,308,299,314
2060428,6918,-4210,-1436,-72,32,-6,302,302,272
2066932,6918,-4210,-1436,-72,32,-6,305,277,310
2073428,6918,-4210,-1436,-72,32,-6,305,315,305
2079928,6746,-4098,-1526,-58,140,-14,300,302,251
2086608,6746,-4098,-1526,-58,140,-14,307,306,318
2093264,6746,-4098,-1526,-58,140,-14,305,303,319
2099944,6954,-4266,-1456,22,88,27,300,301,286
2106368,6954,-4266,-1456,22,88,27,308,302,303
2112776,6954,-4266,-1456,22,88,27,303,296,289
2119196,7002,-4356,-1210,5,-21,78,303,298,308
2125608,7002,-4356,-1210,5,-21,78,307,312,232
2132028,6808,-4244,-1374,-56,-20,108,301,300,343
2138688,6808,-4244,-1374,-56,-20,108,309,278,267
2145352,6808,-4244,-1374,-56,-20,108,300,320,287
2152000,6720,-4166,-1554,-27,34,89,307,304,385
2158512,6720,-4166,-1554,-27,34,89,308,307,232
2165028,6720,-4166,-1554,-27,34,89,301,306,327
2171544,6710,-4244,-1384,48,53,38,311,297,315
2177960,6710,-4244,-1384,48,53,38,303,298,286
2184380,6944,-4372,-1266,15,42,40,303,308,313
2190792,6944,-4372,-1266,15,42,40,305,301,325
2197224,6944,-4372,-1266,15,42,40,300,300,244
2203640,6952,-4294,-1430,-29,55,57,309,307,341
2210124,6952,-4294,-1430,-29,55,57,304,300,286
2216632,6952,-4294,-1430,-29,55,57,302,307,336
2223124,6908,-4202,-1476,-15,74,68,306,305,251
2229620,6908,-4202,-1476,-15,74,68,303,296,317
2236128,6908,-4202,-1476,-15,74,68,304,301,336
2242632,6836,-4306,-1450,38,68,48,305,307,275
2249032,6836,-4306,-1450,38,68,48,298,298,315
2255460,6790,-4236,-1372,46,76,43,309,306,311
2261880,6790,-4236,-1372,46,76,43,302,302,299
2268296,6790,-4236,-1372,46,76,43,303,300,325
2274704,6922,-4346,-1372,2,108,4,304,308,282
2281044,6922,-4346,-1372,2,108,4,306,301,261
2287356,6922,-4346,-1372,2,108,4,309,305,335
2293688,7164,-4334,-1520,-38,73,40,304,299,295
2300192,7164,-4334,-1520,-38,73,40,301,316,302
2306688,7164,-4334,-1520,-38,73,40,307,304,297
2313200,6888,-4390,-1384,-29,-70,105,302,301,304
2319872,6888,-4390,-1384,-29,-70,105,304,304,322
2326548,6744,-4494,-1142,6,-31,66,304,302,290
2332968,6744,-4494,-1142,6,-31,66,301,305,298
2339384,6744,-4494,-1142,6,-31,66,308,303,298
2345808,6854,-4306,-1428,-81,217,-90,302,303,293
2352472,6854,-4306,-1428,-81,217,-90,307,305,340
2359168,6854,-4306,-1428,-81,217,-90,303,302,290
2365852,7096,-4422,-1518,-54,131,-105,302,303,319
2372608,7096,-4422,-1518,-54,131,-105,308,304,276
2379364,7524,-4624,-1446,-36,25,53,302,302,294
2385872,7524,-4624,-1446,-36,25,53,305,307,335
2392368,7524,-4624,-1446,-36,25,53,305,303,304
2398872,7148,-4562,-1306,-61,-80,81,302,305,293
2405468,7148,-4562,-1306,-61,-80,81,309,306,300
2412072,7148,-4562,-1306,-61,-80,81,302,301,314
2418656,6596,-4368,-1214,-172,-133,38,305,303,280
2425416,6596,-4368,-1214,-172,-133,38,305,302,283
2432168,6680,-4012,-1374,-137,-4,24,301,304,310
2438752,6680,-4012,-1374,-137,-4,24,307,304,309
2445340,6680,-4012,-1374,-137,-4,24,300,301,293
2451924,6782,-4224,-1314,-27,-19,1,305,301,327
2458440,6782,-4224,-1314,-27,-19,1,305,302,298
2464944,6782,-4224,-1314,-27,-19,1,301,306,307
2471456,6788,-4234,-1326,-79,-8,3,308,302,267
2477880,6788,-4234,-1326,-79,-8,3,302,303,297
2484296,6904,-4122,-1542,-79,-8,3,304,302,311
2490700,6904,-4122,-1542,-40,2,36,304,301,280
2497152,6904,-4122,-1542,-40,2,36,302,301,310
2503568,6780,-4162,-1374,36,-26,9,307,306,319
2510004,6780,-4162,-1374,36,-26,9,303,303,289
2516432,6780,-4162,-1374,36,-26,9,302,302,305
2522864,6676,-4170,-1216,58,3,-14,309,302,303
2529288,6676,-4170,-1216,58,3,-14,301,302,317
2535716,6676,-4170,-1216,58,3,-14,305,303,294
2542160,6742,-4384,-1342,46,62,-28,304,302,272
2548668,6742,-4384,-1342,46,62,-28,300,302,295
2555160,6788,-4386,-1594,46,62,-28,309,304,312
2561680,6788,-4386,-1594,53,75,-20,301,303,297
2568192,6788,-4386,-1594,53,75,-20,305,306,320
2574680,6982,-4338,-1448,48,51,-5,305,302,290
2581104,6982,-4338,-1448,48,51,-5,301,301,304
2587508,6982,-4338,-1448,48,51,-5,309,304,287
2593924,7108,-4362,-1360,24,3,6,302,302,291
2600172,7108,-4362,-1360,24,3,6,301,303,330
2606416,7108,-4362,-1360,24,3,6,308,304,293
2612676,7006,-4314,-1422,2,-44,28,302,301,277
2619080,7006,-4314,-1422,2,-44,28,305,307,341
2625496,7006,-4314,-1422,2,-44,28,304,302,280
2631916,6840,-4276,-1474,4,-52,57,301,301,300
2638324,6840,-4276,-1474,4,-52,57,307,306,306
2644744,6756,-4240,-1448,21,-14,56,303,301,292
2651252,6756,-4240,-1448,21,-14,56,304,304,313
2657744,6756,-4240,-1448,21,-14,56,306,303,295
2664272,6820,-4172,-1474,27,12,28,301,302,294
2670684,6820,-4172,-1474,27,12,28,309,309,318
2677092,6820,-4172,-1474,27,12,28,303,297,304
2683528,6832,-4234,-1386,65,15,17,303,303,293
2689960,6832,-4234,-1386,65,15,17,308,302,294
2696380,6832,-4234,-1386,65,15,17,301,302,289
2702792,6852,-4404,-1454,54,17,23,305,306,322
2709196,6852,-4404,-1454,54,17,23,303,301,290
2715624,6944,-4362,-1432,23,24,40,301,304,306
2722052,6944,-4362,-1432,23,24,40,309,303,303
2728464,6944,-4362,-1432,23,24,40,303,306,299
2734872,6832,-4328,-1352,21,16,39,305,302,301
2741280,6832,-4328,-1352,21,16,39,306,303,298
2747704,6832,-4328,-1352,21,16,39,300,302,296
2754124,6986,-4440,-1338,47,21,24,312,305,315
2760544,6986,-4440,-1338,47,21,24,319,301,277
2766948,6986,-4440,-1338,47,21,24,290,304,307
2773360,7106,-4510,-1390,9,-9,25,310,302,304
2779696,7106,-4510,-1390,9,-9,25,302,301,294
2786028,6992,-4534,-1508,-26,-46,46,307,306,333
2792620,6992,-4534,-1508,-26,-46,46,304,302,278
2799232,6992,-4534,-1508,-26,-46,46,302,302,308
2805808,6906,-4556,-1530,-42,-104,56,309,303,303
2812472,6906,-4556,-1530,-42,-104,56,308,304,291
2819140,6906,-4556,-1530,-42,-104,56,304,306,318
2825808,6790,-4528,-1480,-78,-102,72,305,302,291
2832484,6790,-4528,-1480,-78,-102,72,294,302,294
2839156,6628,-4374,-1458,-68,-72,56,311,306,301
2845748,6628,-4374,-1458,-68,-72,56,303,301,288
2852344,6628,-4374,-1458,-68,-72,56,307,306,336
2858936,6450,-4382,-1408,-30,-25,22,308,302,287
2865532,6450,-4382,-1408,-30,-25,22,298,303,295
2872132,6450,-4382,-1408,-30,-25,22,310,304,307
2878724,6534,-4378,-1398,-22,55,20,302,302,292
2885240,6534,-4378,-1398,-22,55,20,303,306,321
2891744,6704,-4430,-1446,-44,102,21,306,299,290
2898332,6704,-4430,-1446,-44,102,21,300,299,301
2904916,6704,-4430,-1446,-44,102,21,311,304,304
2911504,6814,-4350,-1476,-45,78,34,301,304,279
2918004,6814,-4350,-1476,-45,78,34,303,302,322
2924504,6814,-4350,-1476,-45,78,34,305,303,289
2931020,6816,-4388,-1400,-32,43,61,303,303,304
2937544,6816,-4388,-1400,-32,43,61,310,304,298
2944048,6790,-4392,-1350,-32,43,61,301,303,285
2950544,6790,-4392,-1350,-40,12,66,308,302,315
2957036,6790,-4392,-1350,-40,12,66,304,305,305
2963540,6736,-4314,-1426,-41,8,64,304,300,276
2969952,6736,-4314,-1426,-41,8,64,306,307,329
2976376,6736,-4314,-1426,-41,8,64,305,302,289
2982792,6738,-4268,-1500,-34,19,56,302,303,312
2989312,6738,-4268,-1500,-34,19,56,308,305,299
2995824,6738,-4268,-1500,-34,19,56,301,300,284
3002320,6664,-4238,-1458,2,66,45,308,304,338
3008656,6664,-4238,-1458,2,66,45,298,303,286
3015012,6576,-4268,-1438,42,101,21,302,299,298
3021528,6576,-4268,-1438,42,101,21,311,304,314
3028028,6576,-4268,-1438,42,101,21,303,301,296
3034528,6756,-4428,-1360,54,92,13,311,303,323
3040952,6756,-4428,-1360,54,92,13,306,301,289
3047368,6756,-4428,-1360,54,92,13,300,302,287
3053784,6940,-4362,-1438,14,95,-4,310,305,320
3060208,6940,-4362,-1438,14,95,-4,291,301,294
3066648,6940,-4362,-1438,14,95,-4,314,303,321
3073068,6996,-4368,-1594,47,97,-2,308,302,288
3079484,6996,-4368,-1594,47,97,-2,304,301,292
3085892,6892,-4430,-1480,77,59,10,306,306,341
3092312,6892,-4430,-1480,77,59,10,305,302,260
3098728,6892,-4430,-1480,77,59,10,303,303,316
3105136,6742,-4682,-1324,37,32,13,321,303,297
3111568,6742,-4682,-1324,37,32,13,288,302,291
3118000,6742,-4682,-1324,37,32,13,310,303,318
3124432,6740,-4628,-1324,-15,36,-1,307,302,288
3130960,6740,-4628,-1324,-15,36,-1,300,304,291
3137464,6740,-4628,-1324,-15,36,-1,311,304,322
3143968,6816,-4530,-1394,-51,45,-9,309,299,261
3150488,6816,-4530,-1394,-51,45,-9,279,303,327
3156984,6890,-4514,-1462,-30,45,-10,313,300,294
3163568,6890,-4514,-1462,-30,45,-10,296,302,292
3170184,6890,-4514,-1462,-30,45,-10,313,305,318
3176780,6804,-4568,-1358,-19,31,-14,305,302,290
3183376,6804,-4568,-1358,-19,31,-14,301,303,314
3189952,6804,-4568,-1358,-19,31,-14,309,304,292
3196560,6702,-4584,-1286,-43,25,-11,300,300,287
3203144,6702,-4584,-1286,-43,25,-11,308,304,323
3209728,6778,-4428,-1278,-60,22,8,308,302,294
3216148,6778,-4428,-1278,-60,22,8,300,304,301
3222556,6778,-4428,-1278,-60,22,8,311,302,277
3228964,6814,-4416,-1280,-60,-11,39,303,302,301
3235532,6814,-4416,-1280,-60,-11,39,313,306,332
3242116,6814,-4416,-1280,-60,-11,39,269,302,298
3248716,6788,-4312,-1324,-12,-15,48,307,302,298
3255304,6788,-4312,-1324,-12,-15,48,312,305,302
3261892,6788,-4312,-1324,-12,-15,48,301,302,291
3268504,6716,-4338,-1320,0,-9,23,305,304,321
3274836,6716,-4338,-1320,0,-9,23,306,303,288
3281184,6680,-4238,-1282,13,11,18,314,301,292
3287592,6680,-4238,-1282,13,11,18,307,305,312
3294008,6680,-4238,-1282,13,11,18,303,303,311
3300428,6682,-4322,-1324,35,57,-7,303,303,286
3306852,6682,-4322,-1324,35,57,-7,307,300,310
3313276,6682,-4322,-1324,35,57,-7,300,304,277
3319700,6718,-4442,-1348,49,105,-12,306,305,323
3326280,6718,-4442,-1348,49,105,-12,303,302,294
3332872,6762,-4390,-1304,49,105,-12,302,302,311
3339456,6762,-4390,-1304,58,89,6,307,304,300
3345792,6762,-4390,-1304,58,89,6,301,302,288
3352144,6864,-4546,-1302,82,64,-19,304,304,328
3358648,6864,-4546,-1302,82,64,-19,305,302,288
3365164,6864,-4546,-1302,82,64,-19,299,301,308
3371664,6940,-4600,-1328,42,67,-21,311,305,291
3378176,6940,-4600,-1328,42,67,-21,302,302,292
3384676,6940,-4600,-1328,42,67,-21,304,304,324
3391168,6948,-4590,-1384,11,53,-23,304,300,290
3397676,6948,-4590,-1384,11,53,-23,303,303,294
3404168,6892,-4486,-1358,-11,14,7,309,305,305
3410584,6892,-4486,-1358,-11,14,7,302,302,284
3417004,6892,-4486,-1358,-11,14,7,304,304,320
3423416,6740,-4436,-1316,21,3,12,307,301,289
3429772,6740,-4436,-1316,21,3,12,302,303,292
3436120,6740,-4436,-1316,21,3,12,304,306,311
3442448,6734,-4474,-1164,28,16,20,306,302,289
3448876,6734,-4474,-1164,28,16,20,301,302,314
3455292,6734,-4474,-1164,28,16,20,306,303,297
3461744,6754,-4396,-1212,5,21,9,303,302,283
3467992,6754,-4396,-1212,5,21,9,304,304,312
3474248,6786,-4326,-1304,5,21,9,307,303,289
3480508,6786,-4326,-1304,31,68,-15,300,303,299
3487008,6786,-4326,-1304,31,68,-15,307,304,306
3493532,6892,-4416,-1326,52,79,-27,304,299,292
3500040,6892,-4416,-1326,52,79,-27,302,305,316
3506528,6892,-4416,-1326,52,79,-27,307,302,285
3513056,6948,-4464,-1336,38,64,-11,301,302,292
3519560,6948,-4464,-1336,38,64,-11,304,306,315
3526076,6948,-4464,-1336,38,64,-11,304,300,295
3532608,6842,-4492,-1300,18,36,18,302,303,304
3539020,6842,-4492,-1300,18,36,18,309,303,301
3545468,6756,-4442,-1274,11,33,26,300,302,288
3551904,6756,-4442,-1274,11,33,26,307,304,320
3558320,6756,-4442,-1274,11,33,26,305,302,293
3564756,6784,-4424,-1236,8,79,11,300,303,295
3571096,6784,-4424,-1236,8,79,11,309,304,305
3577448,6784,-4424,-1236,8,79,11,298,302,297
3583784,6828,-4522,-1256,9,100,-5,303,303,314
3590192,6828,-4522,-1256,9,100,-5,307,303,277
3596596,6828,-4522,-1256,9,100,-5,301,302,296
3603028,6852,-4592,-1276,-4,100,-13,307,306,328
3609620,6852,-4592,-1276,-4,100,-13,304,302,290
3616212,6782,-4516,-1236,-9,126,0,301,301,309
3622612,6782,-4516,-1236,-9,126,0,307,302,295
3629020,6782,-4516,-1236,-9,126,0,301,305,310
3635444,6730,-4440,-1128,31,132,4,304,302,311
3641864,6730,-4440,-1128,31,132,4,305,303,288
3648280,6730,-4440,-1128,31,132,4,302,300,302
3654680,6870,-4440,-1094,44,103,-5,310,304,304
3661188,6870,-4440,-1094,44,103,-5,302,303,289
3667696,6870,-4440,-1094,44,103,-5,303,304,317
3674184,6980,-4496,-1078,37,52,-18,306,302,294
3680712,6980,-4496,-1078,37,52,-18,302,303,292
3687232,6966,-4544,-1164,19,71,-20,310,306,313
3693736,6966,-4544,-1164,19,71,-20,302,303,295
3700256,6966,-4544,-1164,19,71,-20,304,304,304
3706760,6936,-4522,-1206,11,46,4,308,303,289
3713116,6936,-4522,-1206,11,46,4,300,301,290
3719464,6936,-4522,-1206,11,46,4,308,308,329
3725808,6734,-4392,-1188,5,19,23,305,301,276
3732160,6734,-4392,-1188,5,19,23,301,301,300
3738492,6734,-4392,-1188,5,19,23,310,305,303
3744844,6660,-4360,-1142,21,42,23,300,302,289
3751288,6660,-4360,-1142,21,42,23,304,304,319
3757712,6760,-4406,-1096,27,103,15,306,303,295
3764224,6760,-4406,-1096,27,103,15,301,301,297
3770716,6760,-4406,-1096,27,103,15,309,304,305
3777240,6808,-4528,-1162,41,108,28,303,303,295
3783744,6808,-4528,-1162,41,108,28,297,303,295
3790240,6808,-4528,-1162,41,108,28,308,304,295
3796744,6918,-4592,-1072,12,48,31,300,300,295
3803160,6918,-4592,-1072,12,48,31,308,303,325
3809580,6918,-4592,-1072,12,48,31,302,302,289
3816024,6808,-4458,-1088,-17,41,39,304,302,310
3822516,6808,-4458,-1088,-17,41,39,307,303,301
3829032,6656,-4360,-1056,-2,18,37,302,300,299
3835472,6656,-4360,-1056,-2,18,37,305,303,321
3841896,6656,-4360,-1056,-2,18,37,306,303,292
3848316,6736,-4522,-1082,-4,62,12,301,303,300
3854744,6736,-4522,-1082,-4,62,12,308,304,299
3861184,6736,-4522,-1082,-4,62,12,303,301,299
3867608,6888,-4538,-1082,2,73,-3,304,304,311
3873956,6888,-4538,-1082,2,73,-3,304,304,294
3880316,6888,-4538,-1082,2,73,-3,300,299,295
3886664,7008,-4558,-1078,2,58,-2,308,306,306
3892992,7008,-4558,-1078,2,58,-2,303,303,290
3899328,6876,-4486,-1120,2,22,15,302,300,318
3905648,6876,-4486,-1120,2,22,15,307,303,294
3911984,6876,-4486,-1120,2,22,15,301,304,290
3918344,6854,-4496,-1036,3,0,9,304,304,314
3924512,6854,-4496,-1036,3,0,9,308,301,286
3930664,6854,-4496,-1036,3,0,9,300,302,291
3936812,6858,-4484,-1020,-3,0,7,307,306,320
3943064,6858,-4484,-1020,-3,0,7,305,300,289
3949312,6858,-4484,-1020,-3,0,7,301,303,307
3955552,6804,-4542,-1092,-9,12,-1,309,302,298
3961960,6804,-4542,-1092,-9,12,-1,302,302,299
3968392,6804,-4542,-1092,-9,12,-1,305,304,321
3974816,6808,-4514,-1110,-24,38,-3,305,303,287
3981328,6808,-4514,-1110,-24,38,-3,301,301,296
3987824,6848,-4464,-1086,-23,42,6,310,303,309
3994256,6848,-4464,-1086,-23,42,6,302,302,286
4000680,6848,-4464,-1086,-23,42,6,304,304,320
4007088,6732,-4390,-1074,8,41,22,306,301,289
4013416,6732,-4390,-1074,8,41,22,301,304,298
4019768,6732,-4390,-1074,8,41,22,307,305,309
4026104,6708,-4574,-974,3,45,13,300,302,292
4032356,6708,-4574,-974,3,45,13,301,302,300
4038592,6708,-4574,-974,3,45,13,309,303,305
4044836,6930,-4538,-1044,-6,87,26,301,302,300
4051256,6930,-4538,-1044,-6,87,26,305,305,312
4057680,6864,-4470,-1032,-6,87,26,306,300,275
4064100,6864,-4470,-1032,-21,56,35,300,301,298
4070596,6864,-4470,-1032,-21,56,35,309,305,311
4077112,6950,-4364,-1024,-14,17,29,303,302,288
4083624,6950,-4364,-1024,-14,17,29,304,302,311
4090124,6950,-4364,-1024,-14,17,29,308,302,289
4096656,6810,-4422,-1068,6,25,27,301,301,289
4102992,6810,-4422,-1068,6,25,27,307,307,324
4109320,6810,-4422,-1068,6,25,27,303,301,289
4115652,6562,-4460,-1072,-12,23,31,303,299,311
4122176,6562,-4460,-1072,-12,23,31,309,306,293
4128688,6620,-4438,-1062,20,52,8,301,303,293
4135024,6620,-4438,-1062,20,52,8,305,309,314
4141364,6620,-4438,-1062,20,52,8,306,302,293
4147700,6818,-4550,-980,18,87,-17,299,301,294
4154104,6818,-4550,-980,18,87,-17,309,303,301
4160520,6818,-4550,-980,18,87,-17,304,303,294
4166940,6844,-4612,-1034,30,87,-21,303,304,306
4173440,6844,-4612,-1034,30,87,-21,306,301,309
4179952,6844,-4612,-1034,30,87,-21,301,301,276
4186444,6734,-4740,-1076,21,60,-15,306,305,318
4192944,6734,-4740,-1076,21,60,-15,304,303,297
4199444,6754,-4678,-1030,-11,51,-22,302,303,317
4206024,6754,-4678,-1030,-11,51,-22,307,304,290
4212624,6754,-4678,-1030,-11,51,-22,301,300,293
4219208,6798,-4428,-1024,-10,40,-5,307,304,325
4225708,6798,-4428,-1024,-10,40,-5,305,303,295
4232212,6798,-4428,-1024,-10,40,-5,300,302,303
4238716,6740,-4508,-990,2,25,6,309,303,301
4244892,6740,-4508,-990,2,25,6,302,301,291
4251052,6740,-4508,-990,2,25,6,304,306,321
4257224,6756,-4640,-954,14,37,4,306,303,286
4263480,6756,-4640,-954,14,37,4,302,302,296
4269736,6878,-4714,-940,14,37,4,306,304,319
4275988,6878,-4714,-940,-24,34,0,306,304,295
4282320,6878,-4714,-940,-24,34,0,301,302,312
4288652,6898,-4572,-996,-29,19,12,309,304,289
4295068,6898,-4572,-996,-29,19,12,302,301,291
4301488,6898,-4572,-996,-29,19,12,304,306,333
4307904,6876,-4544,-986,-3,23,15,305,302,278
4314244,6876,-4544,-986,-3,23,15,301,303,298
4320568,6876,-4544,-986,-3,23,15,309,304,305
4326896,6806,-4502,-1010,1,22,22,303,303,290
4333232,6806,-4502,-1010,1,22,22,302,303,318
4339560,6806,-4502,-1010,1,22,22,307,301,298
4345884,6782,-4478,-976,1,23,8,300,302,284
4352040,6782,-4478,-976,1,23,8,305,303,322
4358184,6904,-4534,-942,1,23,8,306,303,291
4364340,6904,-4534,-942,-1,36,4,302,301,302
4370584,6904,-4534,-942,-1,36,4,309,303,294
4376836,6862,-4536,-1032,-22,46,-7,303,301,288
4383344,6862,-4536,-1032,-22,46,-7,302,303,319
4389848,6862,-4536,-1032,-22,46,-7,306,302,296
4396356,6832,-4486,-978,-3,26,-6,298,303,298
4402712,6832,-4486,-978,-3,26,-6,306,301,319
4409044,6832,-4486,-978,-3,26,-6,304,303,291
4415376,6760,-4416,-924,5,8,6,302,302,303
4421464,6760,-4416,-924,5,8,6,309,304,300
4427528,6760,-4416,-924,5,8,6,303,304,283
4433600,6700,-4506,-918,3,22,13,303,302,315
4439844,6700,-4506,-918,3,22,13,307,303,295
4446092,6700,-4506,-918,3,22,13,302,302,291
4452352,6738,-4488,-1062,7,50,10,304,303,320
4458680,6738,-4488,-1062,7,50,10,305,304,293
4465008,6790,-4618,-940,13,38,4,302,301,301
4471248,6790,-4618,-940,13,38,4,310,303,304
4477512,6790,-4618,-940,13,38,4,303,306,282
4483764,6844,-4604,-828,-28,29,3,302,302,321
4490092,6844,-4604,-828,-28,29,3,307,305,294
4496420,6844,-4604,-828,-28,29,3,301,303,286
4502744,6838,-4586,-932,-27,32,10,305,305,322
4509176,6838,-4586,-932,-27,32,10,304,301,292
4515584,6838,-4586,-932,-27,32,10,301,302,305
4521992,6794,-4468,-936,2,42,0,309,303,301
4528152,6794,-4468,-936,2,42,0,304,302,289
4534316,6794,-4468,-936,2,42,0,303,304,318
4540480,6738,-4482,-972,7,34,3,306,302,287
4546644,6738,-4482,-972,7,34,3,301,306,292
4552800,6770,-4516,-950,7,34,3,307,303,324
4558984,6770,-4516,-950,10,40,8,303,302,287
4565260,6770,-4516,-950,10,40,8,302,301,309
4571512,6900,-4582,-954,-8,42,-6,310,306,301
4577872,6900,-4582,-954,-8,42,-6,300,300,290
4584200,6900,-4582,-954,-8,42,-6,304,306,316
4590536,6958,-4574,-992,-3,42,-13,307,302,300
4596952,6958,-4574,-992,-3,42,-13,301,303,271
4603384,6958,-4574,-992,-3,42,-13,308,303,327
4609800,6842,-4522,-1002,12,36,0,304,304,279
4616132,6842,-4522,-1002,12,36,0,301,304,309
4622456,6842,-4522,-1002,12,36,0,310,302,295
4628804,6716,-4446,-968,4,12,11,303,302,289
4635060,6716,-4446,-968,4,12,11,302,304,326
4641304,6732,-4450,-854,4,12,11,306,302,290
4647552,6732,-4450,-854,18,25,-3,301,300,292
4653880,6732,-4450,-854,18,25,-3,310,309,309
4660208,6796,-4510,-882,3,61,-23,304,299,293
4666544,6796,-4510,-882,3,61,-23,302,308,313
4672888,6796,-4510,-882,3,61,-23,308,303,294
4679236,6782,-4530,-932,9,60,-6,299,301,290
4685476,6782,-4530,-932,9,60,-6,306,303,322
4691720,6782,-4530,-932,9,60,-6,306,302,288
4697980,6842,-4510,-944,30,44,-9,300,302,294
4704304,6842,-4510,-944,30,44,-9,311,304,304
4710632,6842,-4510,-944,30,44,-9,302,304,285
4716964,6870,-4570,-832,1,40,-8,301,301,311
4723208,6870,-4570,-832,1,40,-8,307,303,291
4729448,6810,-4508,-922,1,40,-8,301,301,295
4735676,6810,-4508,-922,-1,46,7,305,304,323
4741928,6810,-4508,-922,-1,46,7,305,303,298
4748184,6768,-4546,-860,20,54,8,301,302,299
4754432,6768,-4546,-860,20,54,8,310,304,309
4760684,6768,-4546,-860,20,54,8,302,302,286
4766956,6830,-4610,-826,8,52,-4,300,302,315
4773212,6830,-4610,-826,8,52,-4,308,305,296
4779480,6830,-4610,-826,8,52,-4,302,303,285
4785768,6844,-4616,-880,-21,61,-6,307,304,331
4792184,6844,-4616,-880,-21,61,-6,305,301,278
4798592,6844,-4616,-880,-21,61,-6,302,303,316
4805016,6878,-4534,-904,-8,52,-5,309,306,289
4811368,6878,-4534,-904,-8,52,-5,303,302,288
4817696,6878,-4534,-904,-8,52,-5,304,303,317
4824024,6874,-4512,-872,-1,46,-5,304,303,289
4830364,6874,-4512,-872,-1,46,-5,301,300,300
4836708,6826,-4536,-816,-5,37,-5,308,306,313
