88,6676,-4620,-864,12,-88,67,303,301,296
10048,6676,-4620,-864,12,-88,67,302,304,312
16368,6676,-4620,-864,12,-88,67,307,304,270
22684,6714,-4636,-968,2,-76,49,302,301,277
28916,6714,-4636,-968,2,-76,49,306,307,347
35156,6800,-4620,-1082,14,-90,26,311,300,286
41576,6800,-4620,-1082,14,-90,26,295,303,313
47984,6800,-4620,-1082,14,-90,26,309,305,287
54372,6600,-4546,-970,-7,-76,40,301,294,284
60700,6600,-4546,-970,-7,-76,40,304,309,339
67024,6600,-4546,-970,-7,-76,40,307,300,247
73356,6492,-4542,-1000,4,-30,35,301,301,259
79648,6492,-4542,-1000,4,-30,35,305,305,373
85964,6492,-4542,-1000,4,-30,35,303,300,228
92276,6846,-4662,-790,3,-37,38,301,305,324
98508,6846,-4662,-790,3,-37,38,309,297,310
104760,6846,-4662,-790,3,-37,38,297,301,260
111056,7080,-4706,-936,0,-74,55,305,327,335
117364,7080,-4706,-936,0,-74,55,302,302,302
123668,7048,-4578,-1146,-38,-91,85,305,293,221
130212,7048,-4578,-1146,-38,-91,85,316,282,316
136764,7048,-4578,-1146,-38,-91,85,293,299,270
143320,6672,-4596,-1076,-43,-151,68,305,326,356
149968,6672,-4596,-1076,-43,-151,68,309,279,241
156604,6672,-4596,-1076,-43,-151,68,296,294,287
163228,6558,-5168,-970,-49,-215,-46,310,318,312
169868,6558,-5168,-970,-49,-215,-46,303,309,303
176508,6494,-5438,-874,-205,-169,-302,302,308,281
183332,6494,-5438,-874,-205,-169,-302,311,301,296
190148,6494,-5438,-874,-205,-169,-302,291,301,289
196960,7140,-4684,-1130,-410,-23,-300,309,291,308
203780,7140,-4684,-1130,-410,-23,-300,306,310,262
210584,7140,-4684,-1130,-410,-23,-300,308,313,363
217396,7480,-3610,-1466,-268,-43,-63,303,299,268
224124,7480,-3610,-1466,-268,-43,-63,295,294,272
230832,7320,-3668,-1528,16,-297,-44,311,299,327
237476,7320,-3668,-1528,16,-297,-44,304,305,266
244124,7320,-3668,-1528,16,-297,-44,302,297,337
250768,6376,-4624,-902,-6,-344,-3,303,298,231
257228,6376,-4624,-902,-6,-344,-3,300,298,310
263688,6376,-4624,-902,-6,-344,-3,320,314,329
270164,5436,-4620,-968,-242,-177,121,301,296,243
276872,5436,-4620,-968,-242,-177,121,309,311,367
283580,5178,-4420,-1324,-81,22,96,309,300,279
290060,5178,-4420,-1324,-81,22,96,303,301,259
296524,5178,-4420,-1324,-81,22,96,310,304,343
302988,5474,-4784,-1134,171,141,0,305,303,259
309468,5474,-4784,-1134,171,141,0,303,302,341
315952,5474,-4784,-1134,171,141,0,303,302,248
322420,6076,-5048,-972,140,392,-98,299,306,283
328960,6076,-5048,-972,140,392,-98,305,305,343
335516,6986,-5106,-1294,58,548,-159,307,313,303
342156,6986,-5106,-1294,58,548,-159,305,298,320
348800,6986,-5106,-1294,58,548,-159,307,300,283
355428,7728,-4830,-1622,-3,381,-120,299,307,289
362060,7728,-4830,-1622,-3,381,-120,311,304,355
368692,7728,-4830,-1622,-3,381,-120,303,293,262
375348,7702,-4956,-1316,26,119,-51,305,304,343
381896,7702,-4956,-1316,26,119,-51,309,300,254
388456,7402,-5314,-1084,-80,77,-8,302,291,290
394924,7402,-5314,-1084,-80,77,-8,305,308,336
401396,7402,-5314,-1084,-80,77,-8,300,301,313
407872,7102,-5106,-1120,-151,-51,21,298,300,277
414504,7102,-5106,-1120,-151,-51,21,310,309,313
421148,7102,-5106,-1120,-151,-51,21,301,293,275
427784,7012,-4868,-1112,-175,-139,47,304,296,332
434508,7012,-4868,-1112,-175,-139,47,303,312,298
441236,6712,-4676,-1180,-190,-96,34,306,305,256
447868,6712,-4676,-1180,-190,-96,34,304,297,318
454504,6712,-4676,-1180,-190,-96,34,302,301,270
461156,6594,-4436,-1160,-182,-19,-21,309,314,360
467876,6594,-4436,-1160,-182,-19,-21,309,305,257
474596,6594,-4436,-1160,-182,-19,-21,298,295,316
481324,6482,-4240,-1112,-117,17,-53,310,298,307
487964,6482,-4240,-1112,-117,17,-53,303,301,237
494600,6446,-4276,-884,-76,26,-34,303,305,338
501060,6446,-4276,-884,-76,26,-34,307,301,248
507520,6446,-4276,-884,-76,26,-34,303,305,304
513988,6524,-4330,-1094,-45,114,-75,309,307,321
520636,6524,-4330,-1094,-45,114,-75,299,300,308
527276,6524,-4330,-1094,-45,114,-75,310,305,283
533908,6586,-4394,-1136,13,138,-102,305,300,303
540544,6586,-4394,-1136,13,138,-102,304,304,284
547180,6750,-4448,-1124,13,138,-102,309,311,281
553808,6750,-4448,-1124,8,192,-145,303,294,270
560360,6750,-4448,-1124,8,192,-145,306,306,354
566916,6912,-4544,-1184,-23,192,-130,303,305,304
573640,6912,-4544,-1184,-23,192,-130,301,300,272
580368,6912,-4544,-1184,-23,192,-130,308,301,329
587092,7102,-4688,-1200,-12,136,-94,299,302,252
593732,7102,-4688,-1200,-12,136,-94,302,310,365
600372,7066,-4694,-1182,17,46,-53,309,296,217
606840,7066,-4694,-1182,17,46,-53,300,298,289
613300,7066,-4694,-1182,17,46,-53,312,306,319
619764,6792,-4566,-1008,3,-10,-22,297,308,292
626236,6792,-4566,-1008,3,-10,-22,305,300,325
632700,6792,-4566,-1008,3,-10,-22,307,297,281
639172,6764,-4350,-920,-68,34,-30,298,299,271
645636,6764,-4350,-920,-68,34,-30,310,303,343
652108,6764,-4350,-920,-68,34,-30,302,300,264
658584,6782,-4154,-1176,-100,55,-11,301,296,322
665224,6782,-4154,-1176,-100,55,-11,307,306,267
671868,6792,-4230,-1240,-17,69,14,302,301,282
678328,6792,-4230,-1240,-17,69,14,304,304,331
684788,6792,-4230,-1240,-17,69,14,304,303,301
691252,6724,-4334,-1002,52,34,14,304,310,258
697636,6724,-4334,-1002,52,34,14,311,305,333
704020,6724,-4334,-1002,52,34,14,297,283,287
710404,6558,-4392,-856,5,87,-8,301,314,268
716608,6558,-4392,-856,5,87,-8,310,305,294
722816,6558,-4392,-856,5,87,-8,301,294,308
729044,6480,-4354,-994,-11,164,-26,302,302,309
735608,6480,-4354,-994,-11,164,-26,301,304,288
742168,6670,-4230,-1038,28,177,-19,298,307,306
748728,6670,-4230,-1038,28,177,-19,310,301,281
755288,6670,-4230,-1038,28,177,-19,304,305,297
761832,6884,-4298,-1038,61,149,2,304,306,331
768212,6884,-4298,-1038,61,149,2,308,300,270
774604,6884,-4298,-1038,61,149,2,307,302,299
780992,6928,-4306,-1080,94,196,-20,302,303,283
787556,6928,-4306,-1080,94,196,-20,304,298,256
794088,6928,-4306,-1080,94,196,-20,305,311,339
800636,6892,-4420,-1026,88,241,-41,310,295,293
807192,6892,-4420,-1026,88,241,-41,301,306,247
813740,7082,-4410,-1074,92,205,-15,310,300,350
820272,7082,-4410,-1074,92,205,-15,302,301,271
826828,7082,-4410,-1074,92,205,-15,301,304,318
833384,7116,-4530,-1054,81,125,21,313,303,289
839872,7116,-4530,-1054,81,125,21,299,300,253
846340,7116,-4530,-1054,81,125,21,307,305,322
852804,6918,-4606,-898,63,80,15,305,308,272
859104,6918,-4606,-898,63,80,15,297,299,303
865388,6922,-4544,-858,33,88,4,306,303,281
871596,6922,-4544,-858,33,88,4,301,304,297
877812,6922,-4544,-858,33,88,4,304,304,341
884028,7020,-4468,-852,51,86,25,307,301,241
890320,7020,-4468,-852,51,86,25,296,303,287
896620,7020,-4468,-852,51,86,25,306,310,306
902908,7184,-4460,-894,49,67,38,307,303,275
909220,7184,-4460,-894,49,67,38,300,302,318
915508,7184,-4460,-894,49,67,38,304,306,275
921808,7104,-4508,-1154,6,47,43,304,299,288
928104,7104,-4508,-1154,6,47,43,305,306,350
934404,7104,-4508,-1154,6,47,43,306,306,267
940724,6902,-4564,-942,80,-26,14,297,299,319
947096,6902,-4564,-942,80,-26,14,302,298,292
953480,6668,-4428,-590,80,-26,14,306,301,249
959848,6668,-4428,-590,72,-7,4,302,302,320
966052,6668,-4428,-590,72,-7,4,305,305,280
972260,6880,-4438,-768,17,131,-30,301,301,278
978728,6880,-4438,-768,17,131,-30,301,307,373
985188,6880,-4438,-768,17,131,-30,305,303,208
991636,7128,-4314,-822,72,59,-3,300,304,316
997924,7128,-4314,-822,72,59,-3,309,307,302
1004232,7128,-4314,-822,72,59,-3,303,300,281
1010568,7000,-4468,-862,88,-41,12,304,304,321
1016972,7000,-4468,-862,88,-41,12,304,302,286
1023392,7000,-4468,-862,88,-41,12,302,303,281
1029824,6738,-4594,-702,72,-13,-37,309,306,279
1036328,6738,-4594,-702,72,-13,-37,302,301,273
1042820,6824,-4560,-602,24,106,-90,303,305,333
1049320,6824,-4560,-602,24,106,-90,305,302,294
1055824,6824,-4560,-602,24,106,-90,305,301,268
1062320,7018,-4676,-758,43,155,-113,304,304,329
1068936,7018,-4676,-758,43,155,-113,303,302,285
1075516,7018,-4676,-758,43,155,-113,302,306,314
1082092,7226,-4644,-780,24,54,-60,305,298,293
1088520,7226,-4644,-780,24,54,-60,303,302,259
1094940,7058,-4528,-900,24,54,-60,306,311,355
1101356,7058,-4528,-900,5,-58,-7,307,299,275
1107680,7058,-4528,-900,5,-58,-7,300,302,295
1114008,6692,-4340,-534,63,-80,-27,308,297,300
1120532,6692,-4340,-534,63,-80,-27,303,309,284
1127036,6692,-4340,-534,63,-80,-27,304,306,321
1133532,6606,-4448,-530,11,81,-100,305,303,304
1140036,6606,-4448,-530,11,81,-100,298,298,254
1146532,6606,-4448,-530,11,81,-100,309,311,328
1153024,6850,-4470,-818,-70,158,-147,305,301,295
1159708,6850,-4470,-818,-70,158,-147,299,305,309
1166372,6950,-4516,-806,-8,57,-96,307,302,265
1172780,6950,-4516,-806,-8,57,-96,302,304,264
1179192,6950,-4516,-806,-8,57,-96,304,308,376
1185612,6800,-4592,-708,21,-6,-58,308,299,235
1192024,6800,-4592,-708,21,-6,-58,301,304,300
1198428,6800,-4592,-708,21,-6,-58,310,301,332
1204852,6638,-4390,-626,2,72,-74,299,305,256
1211176,6638,-4390,-626,2,72,-74,309,305,351
1217512,6638,-4390,-626,2,72,-74,305,300,230
1223840,6878,-4304,-636,2,145,-112,299,301,294
1230320,6878,-4304,-636,2,145,-112,307,304,315
1236832,7216,-4340,-810,31,118,-102,303,302,271
1243428,7216,-4340,-810,31,118,-102,301,306,341
1250004,7216,-4340,-810,31,118,-102,306,304,244
1256588,7086,-4432,-796,44,10,-85,302,300,284
1262988,7086,-4432,-796,44,10,-85,306,305,351
1269420,7086,-4432,-796,44,10,-85,303,302,260
1275840,6832,-4404,-596,56,-27,-79,300,301,311
1282332,6832,-4404,-596,56,-27,-79,312,304,265
1288828,6832,-4404,-596,56,-27,-79,304,302,295
1295328,6804,-4340,-444,62,55,-104,306,306,353
1301840,6804,-4340,-444,62,55,-104,304,301,274
1308348,7114,-4388,-758,12,133,-140,302,305,312
1314928,7114,-4388,-758,12,133,-140,303,303,282
1321512,7114,-4388,-758,12,133,-140,302,301,277
1328080,7092,-4510,-772,26,72,-164,303,307,356
1334596,7092,-4510,-772,26,72,-164,309,301,305
1341104,7092,-4510,-772,26,72,-164,301,300,310
1347612,7142,-4470,-642,-5,37,-142,303,303,272
1354096,7142,-4470,-642,-5,37,-142,303,305,272
1360588,7372,-4352,-734,-48,47,-104,304,304,349
1367172,7372,-4352,-734,-48,47,-104,306,301,274
1373776,7372,-4352,-734,-48,47,-104,305,302,260
1380356,7386,-4196,-896,-29,-14,-107,305,304,322
1387016,7386,-4196,-896,-29,-14,-107,305,300,289
1393684,7386,-4196,-896,-29,-14,-107,306,304,337
1400352,7196,-4122,-686,-52,-43,-125,305,305,283
1407016,7196,-4122,-686,-52,-43,-125,302,300,272
1413680,6950,-4376,-636,-81,-44,-143,303,307,300
1420348,6950,-4376,-636,-81,-44,-143,309,303,289
1427020,6950,-4376,-636,-81,-44,-143,302,305,351
1433684,6818,-4108,-642,-102,-31,-138,299,304,249
1440428,6818,-4108,-642,-102,-31,-138,304,300,291
1447172,6818,-4108,-642,-102,-31,-138,307,306,288
1453924,6970,-4014,-628,-74,71,-202,304,302,296
1460528,6970,-4014,-628,-74,71,-202,298,304,322
1467116,7140,-4068,-694,-30,127,-207,307,302,281
1473788,7140,-4068,-694,-30,127,-207,302,301,269
1480464,7140,-4068,-694,-30,127,-207,307,307,296
1487132,7132,-4108,-688,18,66,-180,304,303,282
1493636,7132,-4108,-688,18,66,-180,302,303,343
1500140,7132,-4108,-688,18,66,-180,307,303,218
1506640,7274,-4080,-634,-31,-28,-107,303,302,288
1513292,7274,-4080,-634,-31,-28,-107,298,306,349
1519964,7316,-3872,-800,-34,-71,-57,303,299,250
1526564,7316,-3872,-800,-34,-71,-57,300,304,328
1533148,7316,-3872,-800,-34,-71,-57,309,303,287
1539756,7256,-3824,-662,9,-73,-51,304,303,285
1546172,7256,-3824,-662,9,-73,-51,304,305,332
1552588,7256,-3824,-662,9,-73,-51,310,304,295
1559000,7036,-4020,-520,65,-86,-79,304,301,301
1565512,7036,-4020,-520,65,-86,-79,306,302,298
1572012,7036,-4020,-520,65,-86,-79,301,301,261
1578512,7132,-4070,-504,29,-128,-65,306,309,331
1585108,7132,-4070,-504,29,-128,-65,304,302,265
1591696,7068,-3826,-704,20,-88,-35,302,302,320
1598220,7068,-3826,-704,20,-88,-35,306,305,290
1604720,7068,-3826,-704,20,-88,-35,296,303,279
1611212,6958,-3806,-792,72,-29,-51,306,302,347
1617708,6958,-3806,-792,72,-29,-51,306,302,261
1624204,6958,-3806,-792,72,-29,-51,303,303,291
1630708,6932,-3880,-730,134,-34,-49,307,306,308
1637316,6932,-3880,-730,134,-34,-49,304,302,258
1643908,6910,-4106,-596,98,-60,-44,304,304,334
1650416,6910,-4106,-596,98,-60,-44,304,302,277
1656916,6910,-4106,-596,98,-60,-44,297,301,296
1663404,6860,-3892,-660,52,-3,-14,305,305,301
1669820,6860,-3892,-660,52,-3,-14,303,304,281
1676248,6860,-3892,-660,52,-3,-14,301,304,322
1682660,6948,-3952,-678,74,21,-6,306,302,288
1689008,6948,-3952,-678,74,21,-6,303,302,278
1695344,6948,-3952,-678,74,21,-6,302,306,337
1701656,6994,-4126,-734,67,-3,1,303,304,279
1707908,6994,-4126,-734,67,-3,1,304,303,295
1714144,7032,-4034,-700,36,-4,45,301,304,270
1720476,7032,-4034,-700,36,-4,45,305,302,270
1726800,7032,-4034,-700,36,-4,45,304,306,340
1733132,7166,-3980,-798,38,12,49,306,302,271
1739464,7166,-3980,-798,38,12,49,299,301,274
1745796,7166,-3980,-798,38,12,49,304,307,353
1752116,7196,-3976,-672,124,-16,28,304,302,280
1758620,7196,-3976,-672,124,-16,28,314,298,321
1765128,7196,-3976,-672,124,-16,28,309,305,269
1771628,7076,-4002,-592,91,22,28,300,303,287
1777964,7076,-4002,-592,91,22,28,300,303,332
1784284,7214,-4068,-680,91,22,28,305,304,263
1790652,7214,-4068,-680,80,20,13,301,301,292
1796992,7214,-4068,-680,80,20,13,305,303,318
1803316,7258,-4166,-748,104,-29,-3,308,304,264
1809812,7258,-4166,-748,104,-29,-3,303,303,344
1816308,7258,-4166,-748,104,-29,-3,304,304,238
1822812,7056,-4112,-636,140,-33,-3,302,303,265
1829300,7056,-4112,-636,140,-33,-3,304,310,342
1835796,7056,-4112,-636,140,-33,-3,302,298,286
1842292,7144,-4056,-560,106,36,-35,304,306,315
1848796,7144,-4056,-560,106,36,-35,306,299,267
1855296,7000,-3946,-772,138,71,-46,299,303,282
1861800,7000,-3946,-772,138,71,-46,309,301,344
1868320,7000,-3946,-772,138,71,-46,307,302,263
1874832,7208,-4134,-738,160,56,-51,300,298,317
1881336,7208,-4134,-738,160,56,-51,301,304,286
1887844,7208,-4134,-738,160,56,-51,298,302,296
1894336,7494,-4298,-696,101,-6,-31,306,305,307
1900840,7494,-4298,-696,101,-6,-31,306,304,298
1907348,7494,-4298,-696,101,-6,-31,304,300,288
1913852,7510,-4102,-790,76,-59,-15,301,304,287
1920348,7510,-4102,-790,76,-59,-15,304,302,282
1926848,7202,-4006,-758,109,-59,-10,303,301,317
1933436,7202,-4006,-758,109,-59,-10,307,301,292
1940044,7202,-4006,-758,109,-59,-10,305,304,276
1946624,7070,-4160,-644,118,-62,-49,305,303,315
1953204,7070,-4160,-644,118,-62,-49,302,302,269
1959796,7070,-4160,-644,118,-62,-49,306,306,328
1966384,7094,-4124,-642,60,-42,-52,306,305,264
1972884,7094,-4124,-642,60,-42,-52,307,299,241
1979384,7112,-4080,-622,47,-42,-31,302,307,331
1985876,7112,-4080,-622,47,-42,-31,304,304,299
1992396,7112,-4080,-622,47,-42,-31,295,305,319
1998892,7200,-4168,-646,47,-64,-11,305,301,282
2005392,7200,-4168,-646,47,-64,-11,304,302,284
2011900,7200,-4168,-646,47,-64,-11,306,307,354
2018396,7222,-4066,-596,51,-91,6,306,301,249
2024728,7222,-4066,-596,51,-91,6,301,300,291
2031048,7222,-4066,-596,51,-91,6,307,303,307
2037392,7030,-3938,-614,38,-65,-5,305,300,278
2043808,7030,-3938,-614,38,-65,-5,302,306,295
2050244,7026,-4012,-620,0,-32,-22,308,303,278
2056660,7026,-4012,-620,0,-32,-22,303,303,270
2063072,7026,-4012,-620,0,-32,-22,305,305,332
2069484,7170,-4110,-600,-15,-38,-18,302,302,258
2076068,7170,-4110,-600,-15,-38,-18,296,298,309
2082660,7170,-4110,-600,-15,-38,-18,307,303,290
2089248,7172,-4102,-650,-27,-46,-4,304,303,294
2095748,7172,-4102,-650,-27,-46,-4,306,304,336
2102252,7172,-4102,-650,-27,-46,-4,303,303,293
2108748,7018,-4018,-660,-24,-25,19,302,303,281
2115236,7018,-4018,-660,-24,-25,19,310,302,326
2121740,6954,-4076,-692,-27,-12,15,301,303,235
2128240,6954,-4076,-692,-27,-12,15,301,303,365
2134740,6954,-4076,-692,-27,-12,15,306,302,276
2141236,6906,-4112,-638,-26,-3,5,303,302,306
2147564,6906,-4112,-638,-26,-3,5,307,306,289
2153892,6906,-4112,-638,-26,-3,5,303,302,281
2160224,6966,-4058,-696,-14,22,-8,303,304,333
2166636,6966,-4058,-696,-14,22,-8,305,302,276
2173056,6966,-4058,-696,-14,22,-8,304,302,289
2179472,7018,-4138,-572,-20,33,-19,304,308,293
2185964,7018,-4138,-572,-20,33,-19,307,303,270
2192468,7202,-4078,-666,-49,44,-4,305,305,323
2198868,7202,-4078,-666,-49,44,-4,306,304,275
2205312,7202,-4078,-666,-49,44,-4,304,301,267
2211720,7222,-3976,-672,-32,12,4,305,306,352
2218036,7222,-3976,-672,-32,12,4,307,303,275
2224364,7222,-3976,-672,-32,12,4,301,304,294
2230692,7092,-4016,-718,-21,8,13,306,297,294
2237036,7092,-4016,-718,-21,8,13,305,302,283
2243364,7092,-4016,-718,-21,8,13,302,305,330
2249700,7004,-4128,-678,-51,46,-10,305,303,279
2256196,7004,-4128,-678,-51,46,-10,304,302,249
2262684,7218,-4116,-756,-64,54,-10,305,305,373
2269180,7218,-4116,-756,-64,54,-10,304,300,241
2275672,7218,-4116,-756,-64,54,-10,304,302,307
2282168,7302,-4000,-724,-32,20,7,301,303,296
2288508,7302,-4000,-724,-32,20,7,302,303,276
2294836,7302,-4000,-724,-32,20,7,304,305,336
2301164,7114,-3970,-694,-19,7,12,306,303,283
2307500,7114,-3970,-694,-19,7,12,303,302,291
2313840,7114,-3970,-694,-19,7,12,305,304,306
2320172,6912,-4044,-660,-37,30,-10,303,302,274
2326676,6912,-4044,-660,-37,30,-10,304,305,311
2333204,7032,-4128,-682,-41,37,-18,309,304,291
2339712,7032,-4128,-682,-41,37,-18,301,300,272
2346200,7032,-4128,-682,-41,37,-18,305,307,340
2352716,7202,-4048,-766,-57,33,0,307,299,247
2359044,7202,-4048,-766,-57,33,0,301,305,340
2365372,7202,-4048,-766,-57,33,0,305,303,254
2371696,7234,-3904,-818,-47,37,12,304,303,294
2378124,7234,-3904,-818,-47,37,12,303,303,318
2384548,7234,-3904,-818,-47,37,12,307,304,280
2390976,7066,-4030,-758,15,41,4,303,302,300
2397216,7066,-4030,-758,15,41,4,308,305,317
2403464,7014,-4138,-604,-7,20,7,305,302,259
2409740,7014,-4138,-604,-7,20,7,305,307,358
2415976,7014,-4138,-604,-7,20,7,306,302,283
2422252,7096,-4044,-648,-54,34,7,300,301,248
2428592,7096,-4044,-648,-54,34,7,304,306,354
2434916,7096,-4044,-648,-54,34,7,306,304,279
2441252,7246,-4000,-800,-26,32,14,304,299,321
2447660,7246,-4000,-800,-26,32,14,304,302,264
2454092,7246,-4000,-800,-26,32,14,303,302,269
2460500,7236,-4058,-766,5,34,4,305,306,331
2466660,7236,-4058,-766,5,34,4,309,302,275
2472836,7236,-4058,-766,5,34,4,303,303,271
2479016,7032,-4064,-646,-1,14,18,308,305,347
2485364,7032,-4064,-646,-1,14,18,303,303,294
2491720,7106,-4014,-700,-23,45,2,305,301,281
2498032,7106,-4014,-700,-23,45,2,306,304,330
2504364,7106,-4014,-700,-23,45,2,302,303,255
2510696,7306,-3986,-682,-18,53,-9,305,299,352
2517108,7306,-3986,-682,-18,53,-9,309,302,242
2523532,7306,-3986,-682,-18,53,-9,303,303,309
2529956,7370,-3902,-790,7,34,3,303,305,309
2536132,7370,-3902,-790,7,34,3,307,302,287
2542292,7370,-3902,-790,7,34,3,303,302,304
2548436,7160,-4100,-608,23,-4,0,304,304,283
2554672,7160,-4100,-608,23,-4,0,303,303,281
2560912,7160,-4100,-608,23,-4,0,303,307,346
2567152,7146,-4116,-624,-26,1,1,304,300,264
2573400,7146,-4116,-624,-26,1,1,302,303,279
2579660,7146,-4116,-624,-26,1,1,304,308,331
2585908,7216,-3972,-674,-28,5,-7,303,302,289
2592240,7216,-3972,-674,-28,5,-7,304,304,305
2598572,7242,-3950,-648,3,18,-12,306,300,266
2604908,7242,-3950,-648,3,18,-12,302,304,299
2611240,7242,-3950,-648,3,18,-12,303,300,327
2617564,7052,-4092,-620,3,21,-8,307,303,281
2623836,7052,-4092,-620,3,21,-8,303,302,274
2630080,7052,-4092,-620,3,21,-8,305,305,321
2636320,7102,-4110,-590,-38,21,-9,304,303,282
2642728,7102,-4110,-590,-38,21,-9,301,303,330
2649136,7102,-4110,-590,-38,21,-9,308,304,286
2655552,7208,-4148,-638,-32,48,-21,300,300,284
2662036,7208,-4148,-638,-32,48,-21,307,307,323
2668548,7216,-4066,-720,-40,17,8,307,303,261
2674888,7216,-4066,-720,-40,17,8,301,301,308
2681212,7216,-4066,-720,-40,17,8,308,303,304
2687540,7112,-3952,-686,-4,-15,20,304,304,278
2693964,7112,-3952,-686,-4,-15,20,304,304,325
2700380,7112,-3952,-686,-4,-15,20,309,304,286
2706804,7004,-3972,-584,-10,-5,9,303,300,257
2713136,7004,-3972,-584,-10,-5,9,305,304,329
2719452,7004,-3972,-584,-10,-5,9,302,299,287
2725796,7090,-3978,-644,-48,29,-6,305,305,313
2732228,7090,-3978,-644,-48,29,-6,305,304,273
2738652,7090,-3978,-644,-48,29,-6,304,302,272
2745052,7192,-4060,-710,-26,48,1,305,307,364
2751388,7192,-4060,-710,-26,48,1,300,303,262
2757740,7124,-4112,-716,-7,16,28,305,302,283
2764088,7124,-4112,-716,-7,16,28,305,306,304
2770412,7124,-4112,-716,-7,16,28,304,300,269
2776772,7102,-4008,-552,17,-19,20,303,306,335
2783188,7102,-4008,-552,17,-19,20,305,300,279
2789604,7102,-4008,-552,17,-19,20,303,303,257
2796008,7034,-3892,-558,-15,15,-8,305,308,360
2802416,7034,-3892,-558,-15,15,-8,305,303,269
2808824,7034,-3892,-558,-15,15,-8,299,304,319
2815244,7158,-3978,-772,1,92,-42,306,301,289
2821584,7158,-3978,-772,1,92,-42,305,302,271
2827928,7274,-4188,-756,-1,58,-32,303,307,379
2834348,7274,-4188,-756,-1,58,-32,306,303,257
2840788,7274,-4188,-756,-1,58,-32,304,303,292
2847204,7342,-4056,-708,-15,-19,3,307,304,293
2853620,7342,-4056,-708,-15,-19,3,304,303,297
2860044,7342,-4056,-708,-15,-19,3,306,306,322
2866468,7188,-3874,-664,-12,-16,11,304,301,261
2873000,7188,-3874,-664,-12,-16,11,305,302,288
2879508,7188,-3874,-664,-12,-16,11,305,306,325
2886008,7178,-3922,-706,-29,17,-16,304,301,288
2892516,7178,-3922,-706,-29,17,-16,296,302,298
2899000,7184,-4018,-680,-26,21,-14,303,305,312
2905496,7184,-4018,-680,-26,21,-14,300,301,292
2912032,7184,-4018,-680,-26,21,-14,306,306,352
2918516,7252,-4006,-694,-11,4,-13,305,302,265
2924944,7252,-4006,-694,-11,4,-13,303,303,309
2931360,7252,-4006,-694,-11,4,-13,306,305,305
2937788,7114,-4008,-584,-19,-1,-8,304,300,275
2944200,7114,-4008,-584,-19,-1,-8,307,305,307
2950612,7114,-4008,-584,-19,-1,-8,301,301,291
2957028,7180,-3974,-648,-21,35,-6,305,302,289
2963436,7180,-3974,-648,-21,35,-6,307,306,302
2969844,7118,-3920,-570,-7,18,3,302,302,276
2976092,7118,-3920,-570,-7,18,3,304,305,315
2982340,7118,-3920,-570,-7,18,3,304,303,257
2988608,7216,-3982,-680,-11,-2,-4,305,299,288
2995028,7216,-3982,-680,-11,-2,-4,306,307,360
3001440,7216,-3982,-680,-11,-2,-4,304,304,264
3007852,7164,-3980,-714,9,-7,-3,306,303,313
3014108,7164,-3980,-714,9,-7,-3,305,303,285
3020380,7164,-3980,-714,9,-7,-3,304,304,263
3026624,7114,-4036,-650,17,17,-6,305,304,351
3032972,7114,-4036,-650,17,17,-6,307,302,281
3039308,7154,-4034,-632,17,17,-6,304,301,287
3045636,7154,-4034,-632,1,19,7,303,306,343
3051816,7154,-4034,-632,1,19,7,300,299,271
3057992,7120,-3992,-710,4,14,15,303,303,302
3064244,7120,-3992,-710,4,14,15,303,305,296
3070500,7120,-3992,-710,4,14,15,305,302,292
3076764,7034,-4040,-602,13,11,14,304,304,320
3083100,7034,-4040,-602,13,11,14,306,305,320
3089452,7034,-4040,-602,13,11,14,303,299,234
3095776,7110,-4040,-628,5,21,7,305,308,350
3101948,7110,-4040,-628,5,21,7,306,306,302
3108128,7110,-4040,-628,5,21,7,302,302,273
3114300,7176,-3958,-616,10,25,17,306,303,302
3120644,7176,-3958,-616,10,25,17,302,303,276
3126976,7176,-3958,-616,10,25,17,301,305,323
3133312,7134,-3992,-746,8,32,4,303,304,283
3139488,7134,-3992,-746,8,32,4,305,303,267
3145664,7140,-4136,-694,8,32,4,304,308,340
3151820,7140,-4136,-694,2,28,7,305,300,278
3158004,7140,-4136,-694,2,28,7,306,301,285
3164164,7168,-4070,-690,-15,34,6,308,302,310
3170500,7168,-4070,-690,-15,34,6,301,302,251
3176848,7168,-4070,-690,-15,34,6,304,304,326
3183180,7234,-4026,-688,12,28,16,306,304,291
3189528,7234,-4026,-688,12,28,16,304,302,265
3195848,7234,-4026,-688,12,28,16,304,304,335
3202188,7160,-4044,-638,11,11,9,306,301,263
3208436,7160,-4044,-638,11,11,9,303,303,313
3214684,7160,-4044,-638,11,11,9,300,306,324
3220932,7148,-4000,-690,-10,17,10,303,302,273
3227356,7148,-4000,-690,-10,17,10,303,307,301
3233772,7086,-4034,-714,-10,17,10,309,302,288
3240184,7086,-4034,-714,6,-1,12,304,303,278
3246416,7086,-4034,-714,6,-1,12,306,304,328
3252676,7040,-3938,-640,21,-3,29,301,303,286
3259044,7040,-3938,-640,21,-3,29,304,304,328
3265376,7040,-3938,-640,21,-3,29,304,303,254
3271708,7224,-4086,-538,8,35,-7,306,302,262
3277944,7224,-4086,-538,8,35,-7,303,307,347
3284188,7224,-4086,-538,8,35,-7,305,304,283
3290444,7258,-4076,-778,11,51,-10,302,301,275
3296844,7258,-4076,-778,11,51,-10,305,303,316
3303260,7258,-4076,-778,11,51,-10,298,303,282
3309676,7156,-4084,-664,49,1,4,305,304,313
3315828,7156,-4084,-664,49,1,4,306,303,246
3322004,7156,-4084,-664,49,1,4,304,302,283
3328156,7016,-4062,-546,10,-24,12,303,305,334
3334564,7016,-4062,-546,10,-24,12,299,304,298
3340980,7036,-3998,-486,-6,7,3,307,298,278
3347136,7036,-3998,-486,-6,7,3,306,303,279
3353288,7036,-3998,-486,-6,7,3,304,303,302
3359436,7120,-4102,-726,9,37,-1,305,300,306
3365684,7120,-4102,-726,9,37,-1,307,299,310
3371932,7120,-4102,-726,9,37,-1,300,304,238
3378200,7102,-4150,-648,10,13,6,304,304,354
3384436,7102,-4150,-648,10,13,6,305,303,284
3390692,7102,-4150,-648,10,13,6,303,301,290
3396940,7102,-4120,-606,4,6,5,306,306,295
3403012,7102,-4120,-606,4,6,5,299,301,259
3409084,7102,-4120,-606,4,6,5,303,304,328
3415156,7216,-4036,-596,-1,14,8,306,305,282
3421404,7216,-4036,-596,-1,14,8,302,301,277
3427648,7216,-4036,-596,-1,14,8,303,305,337
3433884,7160,-3952,-696,10,2,20,307,303,271
3440144,7160,-3952,-696,10,2,20,302,298,291
3446392,7126,-4090,-610,14,0,15,303,308,288
3452628,7126,-4090,-610,14,0,15,305,303,286
3458876,7126,-4090,-610,14,0,15,304,302,320
3465116,7150,-4116,-640,-3,5,15,302,305,269
3471388,7150,-4116,-640,-3,5,15,304,304,281
3477624,7150,-4116,-640,-3,5,15,306,306,328
3483884,7128,-4000,-700,0,-2,8,305,304,278
3490064,7128,-4000,-700,0,-2,8,306,304,292
3496220,7128,-4000,-700,0,-2,8,304,308,315
3502384,7174,-3988,-598,13,8,-14,307,302,264
3508744,7174,-3988,-598,13,8,-14,299,305,339
3515092,7174,-3988,-598,13,8,-14,307,304,262
3521424,7160,-4086,-700,-14,35,-17,301,301,287
3527920,7160,-4086,-700,-14,35,-17,305,306,354
3534436,7146,-4114,-682,-14,35,-17,308,302,236
3540936,7146,-4114,-682,7,-6,-3,301,301,310
3547164,7146,-4114,-682,7,-6,-3,308,307,306
3553408,7232,-3966,-510,18,-17,-6,304,299,277
3559836,7232,-3966,-510,18,-17,-6,303,306,314
3566276,7232,-3966,-510,18,-17,-6,306,305,285
3572700,7188,-3994,-670,-13,0,-9,304,299,282
3579016,7188,-3994,-670,-13,0,-9,304,309,338
3585364,7188,-3994,-670,-13,0,-9,306,302,292
3591692,7038,-4012,-718,6,-9,-12,301,303,259
3598028,7038,-4012,-718,6,-9,-12,307,304,296
3604360,7038,-4012,-718,6,-9,-12,304,303,285
3610688,7126,-4154,-590,-4,19,-42,304,305,334
3617100,7126,-4154,-590,-4,19,-42,306,302,283
3623528,7248,-4150,-576,-16,25,-40,306,302,288
3630016,7248,-4150,-576,-16,25,-40,302,303,334
3636516,7248,-4150,-576,-16,25,-40,303,303,245
3643012,7290,-4154,-648,-10,-2,-33,303,302,344
3649508,7290,-4154,-648,-10,-2,-33,305,305,289
3656008,7290,-4154,-648,-10,-2,-33,302,303,263
3662496,7064,-4054,-690,-15,-20,-4,304,306,339
3668992,7064,-4054,-690,-15,-20,-4,303,303,285
3675492,7064,-4054,-690,-15,-20,-4,304,303,298
3682000,6956,-4024,-676,-24,3,-12,307,304,269
3688420,6956,-4024,-676,-24,3,-12,302,302,287
3694836,7076,-4058,-636,-23,6,-23,305,306,360
3701252,7076,-4058,-636,-23,6,-23,306,303,288
3707660,7076,-4058,-636,-23,6,-23,301,300,273
3714068,7182,-4114,-676,-7,5,-26,305,305,275
3720400,7182,-4114,-676,-7,5,-26,304,301,313
3726724,7182,-4114,-676,-7,5,-26,301,304,306
3733092,7134,-4086,-726,-13,38,-34,307,301,277
3739592,7134,-4086,-726,-13,38,-34,303,303,285
3746104,7134,-4086,-726,-13,38,-34,300,308,314
3752604,7080,-4024,-696,-13,16,-13,307,300,271
3759104,7080,-4024,-696,-13,16,-13,302,304,307
3765604,7106,-4014,-648,-17,-9,-5,305,303,291
3772044,7106,-4014,-648,-17,-9,-5,302,302,281
3778468,7106,-4014,-648,-17,-9,-5,305,307,319
3784900,7106,-4012,-602,-25,5,-1,307,304,285
3791244,7106,-4012,-602,-25,5,-1,305,301,283
3797592,7106,-4012,-602,-25,5,-1,305,303,297
3803916,7178,-3984,-656,-25,13,7,304,302,299
3810252,7178,-3984,-656,-25,13,7,302,304,305
3816616,7178,-3984,-656,-25,13,7,306,302,268
3822972,7076,-4100,-640,-8,28,-12,302,301,286
3829404,7076,-4100,-640,-8,28,-12,306,305,318
3835820,7122,-4052,-662,-26,33,1,304,302,289
3842168,7122,-4052,-662,-26,33,1,303,303,318
3848500,7122,-4052,-662,-26,33,1,305,300,281
3854836,7208,-3900,-636,-29,18,13,303,302,302
3861240,7208,-3900,-636,-29,18,13,302,304,336
3867668,7208,-3900,-636,-29,18,13,303,303,250
3874088,7202,-3940,-640,-19,7,10,306,301,290
3880404,7202,-3940,-640,-19,7,10,306,307,298
3886756,7202,-3940,-640,-19,7,10,305,302,286
3893100,7164,-4070,-670,-19,25,10,305,304,327
3899508,7164,-4070,-670,-19,25,10,303,301,304
3905940,7114,-4020,-740,-11,23,9,304,303,232
3912280,7114,-4020,-740,-11,23,9,305,305,357
3918604,7114,-4020,-740,-11,23,9,307,303,263
3924940,7122,-3998,-702,1,8,2,300,303,306
3931040,7122,-3998,-702,1,8,2,307,306,308
3937140,7122,-3998,-702,1,8,2,304,298,253
3943212,7044,-4016,-598,0,12,-11,303,305,330
3949528,7044,-4016,-598,0,12,-11,309,303,310
3955852,7044,-4016,-598,0,12,-11,302,302,244
3962192,7102,-4006,-652,-28,45,-11,304,306,345
3968712,7102,-4006,-652,-28,45,-11,305,303,284
3975216,7102,-4006,-652,-28,45,-11,304,304,312
3981708,7232,-4074,-694,-6,38,-2,307,306,311
3988068,7232,-4074,-694,-6,38,-2,304,301,243
3994392,7270,-4118,-612,-3,-1,7,303,304,354
4000624,7270,-4118,-612,-3,-1,7,305,303,305
4006876,7270,-4118,-612,-3,-1,7,301,301,238
4013112,7200,-4000,-666,-11,-5,7,307,306,336
4019428,7200,-4000,-666,-11,-5,7,304,304,261
4025764,7200,-4000,-666,-11,-5,7,304,303,319
4032096,7094,-3996,-620,7,4,-12,306,303,257
4038336,7094,-3996,-620,7,4,-12,304,302,288
4044584,7094,-3996,-620,7,4,-12,303,309,364
4050836,7244,-4086,-628,4,9,-22,305,294,209
4057080,7244,-4086,-628,4,9,-22,303,303,305
4063308,7244,-4086,-628,4,9,-22,306,307,302
4069560,7270,-4008,-644,-10,6,-6,304,305,294
4075912,7270,-4008,-644,-10,6,-6,304,301,307
4082260,7270,-4008,-644,-10,6,-6,308,304,289
4088604,7202,-4010,-718,-2,-7,4,302,303,282
4094848,7202,-4010,-718,-2,-7,4,301,305,344
4101092,7084,-3982,-578,-2,-30,4,307,303,259
4107420,7084,-3982,-578,-2,-30,4,304,297,295
4113756,7084,-3982,-578,-2,-30,4,306,307,319
4120104,7138,-3948,-658,-24,1,-6,301,302,263
4126424,7138,-3948,-658,-24,1,-6,304,304,315
4132768,7138,-3948,-658,-24,1,-6,305,304,283
4139116,7200,-3980,-740,-28,11,-5,304,298,299
4145536,7200,-3980,-740,-28,11,-5,308,309,325
4151972,7200,-3980,-740,-28,11,-5,306,305,263
4158400,7110,-3918,-686,0,5,10,300,303,317
4164552,7110,-3918,-686,0,5,10,308,305,299
4170732,7098,-4036,-628,0,5,10,304,302,256
4176900,7098,-4036,-628,8,-3,3,302,302,326
4183072,7098,-4036,-628,8,-3,3,303,301,263
4189232,7164,-3942,-658,-7,8,0,303,302,273
4195384,7164,-3942,-658,-7,8,0,306,306,358
4201532,7164,-3942,-658,-7,8,0,308,305,278
4207692,7154,-4066,-676,-8,18,-7,298,297,257
4214016,7154,-4066,-676,-8,18,-7,307,304,311
4220332,7154,-4066,-676,-8,18,-7,306,303,293
4226704,7134,-3996,-766,-11,19,3,304,304,314
4233028,7134,-3996,-766,-11,19,3,306,303,277
4239372,7134,-3996,-766,-11,19,3,304,301,270
4245704,7086,-4096,-616,25,-4,4,306,305,339
4251956,7086,-4096,-616,25,-4,4,304,302,302
4258208,7086,-4096,-616,25,-4,4,303,302,255
4264484,7218,-4078,-582,-8,-8,2,306,304,310
4270740,7218,-4078,-582,-8,-8,2,303,302,274
4276976,7224,-3998,-726,-8,-8,2,304,304,336
4283216,7224,-3998,-726,-16,16,2,308,303,265
4289552,7224,-3998,-726,-16,16,2,303,302,285
4295884,7046,-3974,-764,16,12,5,298,304,328
4302148,7046,-3974,-764,16,12,5,307,304,292
4308392,7046,-3974,-764,16,12,5,302,299,307
4314664,7076,-4104,-608,-3,5,2,307,303,265
4320812,7076,-4104,-608,-3,5,2,302,303,288
4326976,7076,-4104,-608,-3,5,2,303,305,311
4333132,7142,-4112,-684,-39,22,4,309,299,272
4339464,7142,-4112,-684,-39,22,4,306,302,269
4345792,7142,-4112,-684,-39,22,4,304,308,342
4352108,7222,-4050,-678,-13,16,5,304,301,286
4358456,7222,-4050,-678,-13,16,5,304,303,303
4364788,7222,-4050,-678,-13,16,5,305,305,287
4371140,7146,-4064,-682,3,15,10,306,300,270
4377384,7146,-4064,-682,3,15,10,300,303,333
4383628,7132,-4062,-630,-12,0,13,307,304,271
4389956,7132,-4062,-630,-12,0,13,299,303,266
4396284,7132,-4062,-630,-12,0,13,306,305,329
4402636,7226,-4024,-688,-40,6,22,304,302,280
4409000,7226,-4024,-688,-40,6,22,303,304,304
4415332,7226,-4024,-688,-40,6,22,307,304,294
4421672,7110,-3918,-744,-26,31,16,303,303,304
4428092,7110,-3918,-744,-26,31,16,304,301,257
4434512,7110,-3918,-744,-26,31,16,307,303,285
4440936,7146,-3982,-702,8,21,16,303,301,306
4447188,7146,-3982,-702,8,21,16,306,307,305
4453440,7146,-3982,-702,8,21,16,303,300,265
4459684,7142,-4084,-648,-14,-2,18,304,305,317
4466092,7142,-4084,-648,-14,-2,18,308,302,295
4472528,7118,-4020,-706,-29,20,17,304,301,260
4478940,7118,-4020,-706,-29,20,17,304,307,327
4485348,7118,-4020,-706,-29,20,17,305,301,283
4491756,7164,-4028,-740,-2,37,2,304,303,285
4498000,7164,-4028,-740,-2,37,2,304,304,286
4504252,7164,-4028,-740,-2,37,2,303,304,270
4510496,7142,-4054,-624,-10,14,4,303,305,327
4516820,7142,-4054,-624,-10,14,4,306,303,272
4523144,7142,-4054,-624,-10,14,4,303,300,279
4529488,7222,-4088,-648,-16,19,6,308,308,296
4535840,7222,-4088,-648,-16,19,6,305,301,278
4542180,7202,-4000,-756,-16,19,6,303,304,343
4548516,7202,-4000,-756,-4,26,12,307,304,290
4554864,7202,-4000,-756,-4,26,12,301,302,280
4561208,7004,-4050,-728,18,-9,26,304,304,323
4567532,7004,-4050,-728,18,-9,26,306,302,270
4573888,7004,-4050,-728,18,-9,26,302,302,297
4580228,7046,-4102,-544,-6,-15,27,305,306,331
4586640,7046,-4102,-544,-6,-15,27,306,300,219
4593072,7046,-4102,-544,-6,-15,27,304,305,332
4599476,7008,-4124,-592,-34,29,8,306,304,300
4605820,7008,-4124,-592,-34,29,8,304,302,320
4612148,7008,-4124,-592,-34,29,8,303,306,282
4618476,7034,-4108,-660,-6,42,6,305,302,276
4624724,7034,-4108,-660,-6,42,6,304,304,316
4630968,7060,-4072,-718,11,44,33,305,295,294
4637308,7060,-4072,-718,11,44,33,305,303,265
4643644,7060,-4072,-718,11,44,33,303,305,329
4649968,7130,-4092,-590,12,18,39,307,303,277
4656304,7130,-4092,-590,12,18,39,304,301,285
4662648,7130,-4092,-590,12,18,39,304,307,317
4668980,7088,-4024,-656,-10,8,58,304,303,278
4675304,7088,-4024,-656,-10,8,58,304,305,308
4681636,7088,-4024,-656,-10,8,58,308,300,283
4687988,7066,-4004,-678,-5,13,65,304,303,264
4694340,7066,-4004,-678,-5,13,65,306,306,358
4700684,7066,-4004,-678,-5,13,65,306,304,277
4707032,7086,-4118,-668,7,32,53,303,297,272
4713272,7086,-4118,-668,7,32,53,306,307,322
4719504,7074,-4118,-646,27,30,46,304,304,273
4725836,7074,-4118,-646,27,30,46,303,302,325
4732160,7074,-4118,-646,27,30,46,304,303,293
4738512,7048,-4082,-662,15,42,46,303,301,252
4744860,7048,-4082,-662,15,42,46,303,306,347
4751192,7048,-4082,-662,15,42,46,307,303,288
4757536,7148,-4024,-618,22,35,40,301,302,272
4763856,7148,-4024,-618,22,35,40,307,304,302
4770200,7148,-4024,-618,22,35,40,304,303,295
4776564,7202,-4116,-606,23,28,35,304,304,318
4782900,7202,-4116,-606,23,28,35,306,299,251
4789228,7202,-4116,-606,23,28,35,303,301,291
4795548,7226,-4104,-698,19,34,33,304,308,343
4801892,7226,-4104,-698,19,34,33,302,303,273
