084,166,-8310,-80,-5,10,5,281,301,312
9704,174,-8304,-170,-9,17,3,334,304,306
15688,174,-8304,-170,-9,17,3,298,303,297
21736,206,-8302,-132,-7,6,8,286,306,307
27684,206,-8302,-132,-7,6,8,329,301,301
33636,206,-8302,-132,-7,6,8,290,301,301
39576,226,-8210,-102,-15,-6,15,301,304,314
45784,226,-8210,-102,-15,-6,15,318,301,300
51988,226,-8210,-102,-15,-6,15,283,301,302
58196,96,-8300,-108,-7,-15,12,318,308,312
64276,96,-8300,-108,-7,-15,12,306,301,298
70356,96,-8300,-108,-7,-15,12,282,304,305
76432,112,-8394,-104,-15,6,4,334,303,303
82464,112,-8394,-104,-15,6,4,294,302,299
88496,112,-8394,-104,-15,6,4,288,304,311
94512,126,-8326,-138,-8,10,1,327,301,299
100532,126,-8326,-138,-8,10,1,289,301,296
106628,126,-8326,-138,-8,10,1,302,306,311
112720,192,-8244,-114,-11,2,5,317,302,301
118812,192,-8244,-114,-11,2,5,286,301,300
124908,144,-8298,-46,3,-7,9,318,308,312
130828,144,-8298,-46,3,-7,9,308,303,300
136740,144,-8298,-46,3,-7,9,283,301,305
142656,106,-8272,-100,-5,-5,11,335,305,307
148836,106,-8272,-100,-5,-5,11,298,302,297
155020,106,-8272,-100,-5,-5,11,284,303,313
161184,4,-8318,-56,-6,-3,2,329,302,299
166948,4,-8318,-56,-6,-3,2,292,302,302
172712,4,-8318,-56,-6,-3,2,293,307,311
178484,66,-8324,-74,-18,6,-3,322,302,296
184452,66,-8324,-74,-18,6,-3,288,301,300
190420,66,-8324,-74,-18,6,-3,306,306,314
196396,70,-8346,-82,-11,10,2,316,302,298
202364,70,-8346,-82,-11,10,2,283,302,301
208328,70,-8346,-82,-11,10,2,320,309,313
214288,82,-8310,-90,0,15,-5,306,303,299
220172,82,-8310,-90,0,15,-5,283,301,306
226060,82,-8310,-90,0,15,-5,335,304,305
231932,74,-8346,-74,-4,12,-9,301,301,300
237912,74,-8346,-74,-4,12,-9,281,305,311
243876,74,-8346,-74,-4,12,-9,331,302,301
249848,82,-8338,-72,-2,16,-5,294,301,298
255832,82,-8338,-72,-2,16,-5,293,305,312
261804,82,-8338,-72,-2,16,-5,320,302,295
267780,134,-8278,-116,-11,16,3,287,301,303
273948,134,-8278,-116,-11,16,3,313,306,314
280116,134,-8278,-116,-11,16,3,311,301,300
286292,116,-8296,-82,-10,9,-3,283,302,303
292368,116,-8296,-82,-10,9,-3,331,306,307
298468,116,-8296,-82,-10,9,-3,301,301,301
304580,106,-8318,-126,-6,9,-3,283,305,310
310664,106,-8318,-126,-6,9,-3,329,302,301
316748,106,-8318,-126,-6,9,-3,293,300,301
322828,70,-8328,-86,-11,13,5,297,305,312
328796,70,-8328,-86,-11,13,5,319,302,298
334768,70,-8328,-86,-11,13,5,286,302,301
340736,96,-8310,-120,-6,11,-2,311,306,316
346796,96,-8310,-120,-6,11,-2,311,300,298
352868,96,-8310,-120,-6,11,-2,283,302,300
358916,116,-8340,-78,0,12,-4,329,306,310
364924,116,-8340,-78,0,12,-4,303,302,299
370932,116,-8340,-78,0,12,-4,281,304,311
376940,104,-8300,-100,-3,18,-6,332,303,297
383104,104,-8300,-100,-3,18,-6,293,301,300
389276,104,-8300,-100,-3,18,-6,297,305,313
395444,126,-8308,-98,-7,20,-5,318,302,294
401544,126,-8308,-98,-7,20,-5,284,301,302
407628,108,-8326,-104,-3,19,-9,315,307,318
413808,108,-8326,-104,-3,19,-9,308,301,297
419972,108,-8326,-104,-3,19,-9,283,302,303
426140,116,-8322,-84,-11,17,-9,335,304,304
432312,116,-8322,-84,-11,17,-9,297,301,299
438496,116,-8322,-84,-11,17,-9,287,306,314
444668,134,-8320,-108,-4,15,-10,322,302,298
450940,134,-8320,-108,-4,15,-10,287,302,298
457200,134,-8320,-108,-4,15,-10,311,305,316
463460,226,-8346,-102,-7,15,-8,312,302,301
469636,226,-8346,-102,-7,15,-8,282,304,303
475816,226,-8346,-102,-7,15,-8,335,304,307
482004,154,-8346,-92,-12,5,-3,297,301,300
488100,154,-8346,-92,-12,5,-3,285,305,310
494196,154,-8346,-92,-12,5,-3,329,301,298
500284,104,-8302,-110,-15,5,-4,291,303,298
506476,104,-8302,-110,-15,5,-4,303,306,314
512652,104,-8302,-110,-15,5,-4,316,300,298
518836,118,-8326,-52,-10,7,-5,283,303,303
524928,118,-8326,-52,-10,7,-5,323,307,313
531020,86,-8318,-72,-10,7,-5,306,302,295
536988,86,-8318,-72,-13,14,-4,283,302,311
543040,86,-8318,-72,-13,14,-4,334,304,304
549088,156,-8338,-80,-10,16,0,295,302,302
555180,156,-8338,-80,-10,16,0,288,305,308
561264,156,-8338,-80,-10,16,0,323,301,302
567368,126,-8282,-120,-8,18,-1,289,299,300
573540,126,-8282,-120,-8,18,-1,305,307,315
579708,126,-8282,-120,-8,18,-1,312,302,295
585884,206,-8370,-144,-9,10,-2,284,303,303
592052,206,-8370,-144,-9,10,-2,329,307,306
598232,206,-8370,-144,-9,10,-2,300,301,299
604404,106,-8318,-130,-4,5,3,282,306,309
610404,106,-8318,-130,-4,5,3,332,303,301
616424,106,-8318,-130,-4,5,3,295,302,300
622428,112,-8300,-130,-8,1,5,295,305,315
628436,112,-8300,-130,-8,1,5,321,302,298
634444,112,-8300,-130,-8,1,5,285,300,298
640448,130,-8348,-86,-9,3,3,306,306,314
646364,130,-8348,-86,-9,3,3,313,301,295
652292,130,-8348,-86,-9,3,3,287,303,300
658212,82,-8328,-114,-10,6,1,318,307,313
664180,82,-8328,-114,-10,6,1,307,303,299
670156,82,-8328,-114,-10,6,1,284,302,304
676108,70,-8348,-114,-4,15,-4,334,304,303
682156,70,-8348,-114,-4,15,-4,298,302,298
688216,70,-8348,-114,-4,15,-4,284,305,311
694268,162,-8300,-138,-7,23,-4,327,302,302
700456,162,-8300,-138,-7,23,-4,288,301,299
706632,162,-8300,-138,-7,23,-4,305,307,312
712804,162,-8324,-98,-6,19,-5,315,300,300
718892,162,-8324,-98,-6,19,-5,284,303,301
724988,162,-8324,-98,-6,19,-5,322,307,313
731088,136,-8280,-48,-8,10,6,304,302,300
737100,136,-8280,-48,-8,10,6,283,303,309
743104,146,-8360,-90,-8,10,6,334,304,305
749108,146,-8360,-90,-3,3,6,296,301,298
755028,146,-8360,-90,-3,3,6,284,305,310
760948,120,-8456,-138,-3,3,6,329,303,303
766960,120,-8456,-138,-7,16,-1,289,303,301
773140,120,-8456,-138,-7,16,-1,302,305,315
779320,216,-8386,-138,-14,13,-3,315,301,299
785580,216,-8386,-138,-14,13,-3,284,303,303
791828,216,-8386,-138,-14,13,-3,327,306,310
798100,148,-8298,-74,-7,5,1,302,302,297
804032,148,-8298,-74,-7,5,1,281,303,309
809944,148,-8298,-74,-7,5,1,334,303,301
815876,154,-8274,-82,-5,8,4,297,301,297
821804,154,-8274,-82,-5,8,4,286,305,310
827724,154,-8274,-82,-5,8,4,328,302,299
833644,84,-8278,-110,-10,3,9,293,302,302
839612,84,-8278,-110,-10,3,9,299,305,312
845588,84,-8278,-110,-10,3,9,320,302,298
851556,42,-8314,-114,-8,2,4,287,302,302
857432,42,-8314,-114,-8,2,4,310,307,316
863316,42,-8314,-114,-8,2,4,312,301,295
869204,102,-8318,-128,-12,19,-3,283,302,303
875468,102,-8318,-128,-12,19,-3,331,306,307
881740,102,-8318,-128,-12,19,-3,301,301,300
888008,104,-8302,-74,-12,11,-4,284,305,311
894172,104,-8302,-74,-12,11,-4,327,302,301
900344,104,-8302,-74,-12,11,-4,289,302,298
906524,154,-8326,-74,-8,9,-9,300,304,313
912528,154,-8326,-74,-8,9,-9,316,302,298
918540,154,-8326,-74,-8,9,-9,284,302,304
924548,154,-8310,-178,-11,13,-7,319,307,313
930816,154,-8310,-178,-11,13,-7,304,302,301
937084,154,-8310,-178,-11,13,-7,284,303,309
943340,110,-8310,-74,-8,7,3,334,303,304
949280,110,-8310,-74,-8,7,3,295,301,299
955212,110,-8310,-74,-8,7,3,284,304,312
961132,150,-8328,-116,-13,6,2,326,303,301
967220,150,-8328,-116,-13,6,2,289,303,302
973316,132,-8268,-100,-10,7,7,302,305,314
979412,132,-8268,-100,-10,7,7,317,301,299
985508,132,-8268,-100,-10,7,7,284,303,303
991592,92,-8286,-84,-8,1,2,317,307,313
997400,92,-8286,-84,-8,1,2,308,302,299
1003204,92,-8286,-84,-8,1,2,282,302,301
1009052,100,-8292,-66,-9,6,2,331,305,309
1014988,100,-8292,-66,-9,6,2,303,301,301
1020960,100,-8292,-66,-9,6,2,282,304,308
1026908,108,-8360,-74,-6,11,-3,332,302,299
1033036,108,-8360,-74,-6,11,-3,295,300,299
1039160,108,-8360,-74,-6,11,-3,295,306,314
1045284,130,-8340,-132,-5,20,1,317,302,298
1051412,130,-8340,-132,-5,20,1,286,302,302
1057540,130,-8340,-132,-5,20,1,315,308,315
1063668,102,-8318,-90,-2,16,-4,309,300,298
1069800,102,-8318,-90,-2,16,-4,282,302,304
1075904,102,-8318,-90,-2,16,-4,336,306,302
1082052,154,-8372,-72,-3,20,1,298,301,300
1088116,154,-8372,-72,-3,20,1,284,304,312
1094144,154,-8372,-72,-3,20,1,329,302,301
1100196,160,-8312,-80,0,12,-1,291,302,298
1106244,160,-8312,-80,0,12,-1,300,306,312
1112272,160,-8312,-80,0,12,-1,319,301,299
1118336,142,-8356,-96,-8,16,-5,284,302,303
1124452,142,-8356,-96,-8,16,-5,316,307,317
1130584,142,-8356,-96,-8,16,-5,308,302,297
1136712,174,-8340,-92,-11,23,-5,285,302,306
1142908,174,-8340,-92,-11,23,-5,335,304,306
1149112,174,-8340,-92,-11,23,-5,294,302,300
1155332,150,-8370,-108,-12,19,-7,291,305,312
1161628,150,-8370,-108,-12,19,-7,320,302,296
1167924,134,-8340,-104,-4,14,-4,287,301,302
1174132,134,-8340,-104,-4,14,-4,314,306,315
1180356,134,-8340,-104,-4,14,-4,308,302,297
1186588,158,-8334,-108,-7,15,-5,283,302,305
1192792,158,-8334,-108,-7,15,-5,335,302,304
1199000,158,-8334,-108,-7,15,-5,297,302,300
1205228,178,-8280,-124,-10,17,-3,290,305,311
1211516,178,-8280,-124,-10,17,-3,319,301,296
1217820,178,-8280,-124,-10,17,-3,287,302,302
1224128,160,-8272,-134,-6,10,-1,313,306,316
1230332,160,-8272,-134,-6,10,-1,310,302,298
1236540,160,-8272,-134,-6,10,-1,283,303,305
1242744,100,-8322,-98,-1,9,1,334,304,306
1248708,100,-8322,-98,-1,9,1,298,301,302
1254664,100,-8322,-98,-1,9,1,283,304,311
1260620,120,-8286,-70,-8,16,4,329,302,298
1266684,120,-8286,-70,-8,16,4,291,302,300
1272724,120,-8286,-70,-8,16,4,298,304,314
1278764,106,-8292,-116,-10,19,-5,317,302,300
1285068,106,-8292,-116,-10,19,-5,283,302,303
1291364,154,-8310,-62,-10,19,-5,319,307,312
1297568,154,-8310,-62,4,24,0,307,302,301
1303528,154,-8310,-62,4,24,0,282,302,307
1309488,112,-8340,-76,7,23,1,336,306,306
1315456,112,-8340,-76,7,23,1,297,301,299
1321412,112,-8340,-76,7,23,1,285,306,309
1327356,214,-8328,-100,4,18,0,331,303,299
1333412,214,-8328,-100,4,18,0,292,302,298
1339444,214,-8328,-100,4,18,0,299,305,313
1345476,178,-8304,-112,-1,14,3,317,301,296
1351600,178,-8304,-112,-1,14,3,284,301,301
1357724,178,-8304,-112,-1,14,3,317,307,316
1363848,202,-8292,-86,-6,16,-2,307,303,299
1369972,202,-8292,-86,-6,16,-2,282,301,304
1376084,202,-8292,-86,-6,16,-2,336,306,306
1382212,168,-8292,-84,-5,9,-5,298,302,298
1388248,168,-8292,-84,-5,9,-5,283,305,309
1394288,168,-8292,-84,-5,9,-5,328,302,304
1400324,190,-8264,-122,-9,10,-1,291,301,298
1406540,190,-8264,-122,-9,10,-1,304,306,312
1412748,190,-8264,-122,-9,10,-1,316,301,299
1418972,196,-8272,-46,-6,-1,1,280,303,300
1425016,196,-8272,-46,-6,-1,1,320,308,314
1431052,196,-8272,-46,-6,-1,1,305,301,298
1437092,116,-8354,-110,-2,2,0,282,303,308
1443132,116,-8354,-110,-2,2,0,334,304,307
1449168,116,-8354,-110,-2,2,0,296,303,296
1455224,164,-8386,-130,-4,16,2,289,304,312
1461340,164,-8386,-130,-4,16,2,322,302,297
1467484,164,-8386,-130,-4,16,2,288,301,299
1473604,138,-8336,-86,-8,2,-1,307,306,313
1479640,138,-8336,-86,-8,2,-1,314,302,298
1485676,156,-8262,-72,-8,2,-1,282,301,301
1491704,156,-8262,-72,-10,5,2,322,307,315
1497756,156,-8262,-72,-10,5,2,304,302,299
1503776,94,-8276,-78,-7,0,8,282,302,307
1509612,94,-8276,-78,-7,0,8,334,305,307
1515448,94,-8276,-78,-7,0,8,300,302,298
1521300,34,-8364,-74,-6,4,11,283,305,309
1527216,34,-8364,-74,-6,4,11,331,301,300
1533124,34,-8364,-74,-6,4,11,295,301,298
1539068,42,-8338,-94,-7,16,-2,294,306,312
1545060,42,-8338,-94,-7,16,-2,320,302,300
1551060,42,-8338,-94,-7,16,-2,287,302,299
1557072,104,-8328,-112,-13,22,0,311,306,316
1563276,104,-8328,-112,-13,22,0,312,302,299
1569484,104,-8328,-112,-13,22,0,281,303,304
1575712,182,-8314,-32,-3,20,-5,332,305,309
1581844,182,-8314,-32,-3,20,-5,299,301,300
1587972,182,-8314,-32,-3,20,-5,285,304,311
1594088,160,-8348,-54,-3,16,-4,328,302,301
1600212,160,-8348,-54,-3,16,-4,290,301,301
1606348,160,-8348,-54,-3,16,-4,302,307,310
1612492,166,-8348,-100,-10,11,-1,315,300,297
1618812,166,-8348,-100,-10,11,-1,282,302,302
1625096,166,-8348,-100,-10,11,-1,326,306,309
1631400,156,-8370,-84,-18,9,1,304,304,300
1637460,156,-8370,-84,-18,9,1,282,302,307
1643492,156,-8370,-84,-18,9,1,331,303,302
1649536,130,-8292,-100,-18,8,4,295,302,302
1655644,130,-8292,-100,-18,8,4,294,305,312
1661772,130,-8292,-100,-18,8,4,320,303,297
1667900,140,-8238,-40,-7,4,1,287,301,302
1673856,140,-8238,-40,-7,4,1,309,305,314
1679816,140,-8238,-40,-7,4,1,315,301,298
1685776,142,-8246,-100,1,13,7,283,302,301
1691804,142,-8246,-100,1,13,7,323,307,312
1697840,122,-8330,-106,1,13,7,302,302,298
1703868,122,-8330,-106,-3,23,3,283,303,309
1709988,122,-8330,-106,-3,23,3,333,303,303
1716112,170,-8308,-102,-3,15,4,296,300,299
1722228,170,-8308,-102,-3,15,4,292,305,312
1728348,170,-8308,-102,-3,15,4,321,302,296
1734476,198,-8360,-42,-3,8,7,288,302,304
1740432,198,-8360,-42,-3,8,7,307,306,313
1746396,198,-8360,-42,-3,8,7,315,304,298
1752348,236,-8368,-90,-8,5,13,283,301,302
1758380,236,-8368,-90,-8,5,13,322,308,310
1764440,236,-8368,-90,-8,5,13,304,302,298
1770484,144,-8274,-100,-11,-3,16,281,304,307
1776772,144,-8274,-100,-11,-3,16,331,303,300
1783064,144,-8274,-100,-11,-3,16,294,301,304
1789364,112,-8306,-86,-16,7,5,298,305,312
1795404,112,-8306,-86,-16,7,5,319,301,294
1801432,112,-8306,-86,-16,7,5,286,301,299
1807480,214,-8356,-54,-4,11,11,314,306,315
1813616,214,-8356,-54,-4,11,11,309,302,299
1819732,214,-8356,-54,-4,11,11,283,303,304
1825868,320,-8338,-130,-5,12,15,332,304,306
1832072,320,-8338,-130,-5,12,15,297,302,299
1838284,320,-8338,-130,-5,12,15,287,304,311
1844492,244,-8340,-144,-14,-14,23,323,303,300
1850872,244,-8340,-144,-14,-14,23,288,302,301
1857248,64,-8290,-120,-24,-30,13,311,307,317
1863508,64,-8290,-120,-24,-30,13,309,301,301
1869768,64,-8290,-120,-24,-30,13,283,302,305
1876028,12,-8230,-90,-33,-25,7,333,304,304
1882108,12,-8230,-90,-33,-25,7,296,303,300
1888196,12,-8230,-90,-33,-25,7,285,307,307
1894276,8,-8280,-92,-21,-6,7,327,301,298
1900156,8,-8280,-92,-21,-6,7,293,301,303
1906040,8,-8280,-92,-21,-6,7,295,306,316
1911928,136,-8298,-162,-12,3,13,319,302,297
1918160,136,-8298,-162,-12,3,13,284,301,302
1924380,136,-8298,-162,-12,3,13,317,307,316
1930596,32,-8336,-166,-5,-5,11,309,300,298
1936672,32,-8336,-166,-5,-5,11,283,302,305
1942744,32,-8336,-166,-5,-5,11,334,305,305
1948832,-88,-8252,-58,-11,5,-3,298,302,299
1954840,-88,-8252,-58,-11,5,-3,285,304,310
1960848,-88,-8252,-58,-11,5,-3,329,302,298
1966860,-80,-8300,-84,-8,18,-16,292,301,299
1972952,-80,-8300,-84,-8,18,-16,302,306,312
1979044,-80,-8300,-84,-8,18,-16,316,301,298
1985132,40,-8324,-134,-1,29,-14,284,301,301
1991316,40,-8324,-134,-1,29,-14,318,308,315
1997492,40,-8324,-134,-1,29,-14,304,301,298
2003668,98,-8358,-174,-12,32,-5,282,303,308
2009848,98,-8358,-174,-12,32,-5,334,303,300
2016036,-10,-8312,-154,-12,32,-5,297,300,298
2022212,-10,-8312,-154,-11,27,-7,292,305,310
2028376,-10,-8312,-154,-11,27,-7,320,302,298
2034556,-68,-8302,-100,-6,33,-8,285,302,299
2040652,-68,-8302,-100,-6,33,-8,312,306,316
2046744,-68,-8302,-100,-6,33,-8,312,302,299
2052844,56,-8358,-154,-1,38,-6,282,303,302
2058928,56,-8358,-154,-1,38,-6,332,309,307
2065020,56,-8358,-154,-1,38,-6,303,300,301
2071108,144,-8262,-154,-2,29,-4,283,305,312
2077316,144,-8262,-154,-2,29,-4,327,303,298
2083532,144,-8262,-154,-2,29,-4,290,302,300
2089768,206,-8286,-146,-10,23,-3,303,306,313
2096064,206,-8286,-146,-10,23,-3,313,301,298
2102368,206,-8286,-146,-10,23,-3,282,303,301
2108660,120,-8298,-74,-10,6,7,328,307,310
2114716,120,-8298,-74,-10,6,7,302,302,298
2120752,120,-8298,-74,-10,6,7,283,303,312
2126788,34,-8394,-144,5,20,1,333,304,301
2132732,34,-8394,-144,5,20,1,296,301,300
2138648,34,-8394,-144,5,20,1,288,308,310
2144560,70,-8404,-188,0,34,-8,324,301,301
2150572,70,-8404,-188,0,34,-8,288,301,301
2156572,70,-8404,-188,0,34,-8,301,306,312
2162576,152,-8286,-112,1,34,-12,316,301,299
2168792,152,-8286,-112,1,34,-12,283,303,302
2175004,214,-8290,-128,1,34,-12,324,307,309
2181220,214,-8290,-128,0,25,-12,303,301,301
2187424,214,-8290,-128,0,25,-12,282,305,311
2193620,230,-8292,-144,1,6,-1,331,304,301
2199668,230,-8292,-144,1,6,-1,293,301,303
2205724,230,-8292,-144,1,6,-1,292,305,311
2211764,178,-8328,-192,-5,-5,3,319,302,295
2217904,178,-8328,-192,-5,-5,3,287,303,300
2224028,178,-8328,-192,-5,-5,3,313,307,313
2230156,192,-8318,-102,-9,-9,-1,311,302,299
2236356,192,-8318,-102,-9,-9,-1,283,302,304
2242588,192,-8318,-102,-9,-9,-1,334,305,306
2248800,214,-8336,-74,-12,-17,-7,296,301,300
2255084,214,-8336,-74,-12,-17,-7,289,305,313
2261392,214,-8336,-74,-12,-17,-7,322,303,298
2267684,104,-8296,-106,-12,-17,-8,286,301,300
2274072,104,-8296,-106,-12,-17,-8,316,307,315
2280456,104,-8296,-106,-12,-17,-8,305,302,299
2286840,106,-8316,-86,-5,-13,-8,282,304,303
2293068,106,-8316,-86,-5,-13,-8,334,302,303
2299292,18,-8304,-82,-1,-2,-16,295,302,299
2305376,18,-8304,-82,-1,-2,-16,289,308,310
2311452,18,-8304,-82,-1,-2,-16,322,300,298
2317540,106,-8316,-108,-3,10,-13,287,301,299
2323840,106,-8316,-108,-3,10,-13,312,307,319
2330132,106,-8316,-108,-3,10,-13,309,302,298
2336428,152,-8240,-110,-3,13,-8,283,302,304
2342632,152,-8240,-110,-3,13,-8,334,304,304
2348844,152,-8240,-110,-3,13,-8,297,302,297
2355056,160,-8342,-74,8,1,1,284,305,310
2360936,160,-8342,-74,8,1,1,328,303,299
2366812,160,-8342,-74,8,1,1,293,301,300
2372676,132,-8360,-102,-3,1,3,297,305,312
2378724,132,-8360,-102,-3,1,3,318,302,297
2384784,132,-8360,-102,-3,1,3,286,303,301
2390824,62,-8312,-124,-9,3,7,313,306,314
2396740,62,-8312,-124,-9,3,7,312,301,298
2402652,62,-8312,-124,-9,3,7,283,302,301
2408564,90,-8296,-68,2,6,4,319,307,313
2414316,90,-8296,-68,2,6,4,307,302,300
2420068,90,-8296,-68,2,6,4,284,302,303
2425804,68,-8312,-56,-2,16,5,331,306,307
2431724,68,-8312,-56,-2,16,5,302,303,300
2437644,68,-8312,-56,-2,16,5,282,304,306
2443548,94,-8312,-98,6,24,2,332,304,301
2449408,94,-8312,-98,6,24,2,296,302,298
2455264,94,-8312,-98,6,24,2,288,305,313
2461088,100,-8288,-94,9,31,3,327,302,299
2467036,100,-8288,-94,9,31,3,294,300,300
2473004,100,-8288,-94,9,31,3,300,306,312
2478952,96,-8306,-134,11,31,-4,318,301,294
2485036,96,-8306,-134,11,31,-4,282,303,303
2491120,96,-8306,-134,11,31,-4,315,307,312
2497228,160,-8362,-84,4,31,-9,308,300,298
2503284,160,-8362,-84,4,31,-9,282,303,304
2509312,160,-8362,-84,4,31,-9,333,304,309
2515348,168,-8388,-86,-2,30,-5,300,302,301
2521468,168,-8388,-86,-2,30,-5,283,305,312
2527592,168,-8388,-86,-2,30,-5,328,302,297
2533716,196,-8362,-94,0,25,-1,290,301,297
2539748,196,-8362,-94,0,25,-1,301,306,315
2545796,196,-8362,-94,0,25,-1,317,301,296
2551856,218,-8356,-172,-6,12,3,282,302,300
2557984,218,-8356,-172,-6,12,3,319,304,314
2564128,144,-8314,-114,-6,12,3,305,302,302
2570256,144,-8314,-114,-13,11,5,283,302,306
2576460,144,-8314,-114,-13,11,5,331,305,303
2582664,132,-8310,-90,-9,13,8,296,303,302
2588692,132,-8310,-90,-9,13,8,289,304,308
2594728,132,-8310,-90,-9,13,8,323,302,296
2600780,126,-8302,-106,-9,20,9,286,302,302
2606896,126,-8302,-106,-9,20,9,308,306,314
2613028,126,-8302,-106,-9,20,9,314,301,299
2619164,160,-8282,-152,-2,15,13,284,302,303
2625372,160,-8282,-152,-2,15,13,329,306,309
2631580,160,-8282,-152,-2,15,13,301,302,300
2637796,172,-8310,-108,0,7,5,283,305,308
2643744,172,-8310,-108,0,7,5,331,303,299
2649708,172,-8310,-108,0,7,5,294,301,300
2655664,130,-8322,-70,0,8,7,290,306,310
2661524,130,-8322,-70,0,8,7,323,302,301
2667404,130,-8322,-70,0,8,7,290,301,302
2673276,130,-8346,-106,-5,3,10,304,306,312
2679412,130,-8346,-106,-5,3,10,315,300,297
2685540,130,-8346,-106,-5,3,10,283,302,301
2691648,70,-8298,-94,-6,-1,11,321,308,311
2697644,70,-8298,-94,-6,-1,11,307,301,299
2703636,70,-8298,-94,-6,-1,11,282,302,308
2709624,70,-8312,-96,3,-4,3,335,305,305
2715460,70,-8312,-96,3,-4,3,299,305,300
2721280,70,-8312,-96,3,-4,3,282,302,310
2727104,10,-8368,-22,2,9,-1,333,304,300
2732932,10,-8368,-22,2,9,-1,295,303,299
2738764,10,-8368,-22,2,9,-1,287,305,311
2744580,6,-8348,-76,1,10,0,329,302,301
2750296,6,-8348,-76,1,10,0,292,301,298
2756000,6,-8348,-76,1,10,0,294,305,312
2761708,142,-8348,-78,-6,20,2,319,303,297
2767752,142,-8348,-78,-6,20,2,287,302,302
2773788,142,-8348,-78,-6,20,2,309,306,312
2779836,218,-8258,-58,-9,3,18,314,302,298
2785876,218,-8258,-58,-9,3,18,283,302,303
2791904,218,-8258,-58,-9,3,18,326,307,309
2797940,84,-8324,-66,2,-2,13,302,301,302
2803852,84,-8324,-66,2,-2,13,284,303,308
2809764,84,-8324,-66,2,-2,13,334,303,304
2815684,40,-8454,-82,-7,20,6,297,301,297
2821616,40,-8454,-82,-7,20,6,285,306,309
2827524,40,-8454,-82,-7,20,6,329,303,298
2833444,54,-8370,-52,-17,27,1,291,301,301
2839444,54,-8370,-52,-17,27,1,298,306,314
2845468,54,-8370,-52,-17,27,1,319,302,296
2851476,166,-8316,-54,-11,26,-3,283,301,303
2857688,166,-8316,-54,-11,26,-3,316,307,314
2863912,166,-8316,-54,-11,26,-3,305,301,297
2870128,262,-8364,-84,-8,9,1,284,303,305
2876072,262,-8364,-84,-8,9,1,335,302,307
2882020,106,-8320,-94,-8,9,1,299,302,301
2887988,106,-8320,-94,-7,0,12,283,306,311
2894008,106,-8320,-94,-7,0,12,331,303,302
2900064,18,-8314,-120,-7,0,12,292,301,301
2906068,18,-8314,-120,-17,-1,8,298,306,312
2912156,18,-8314,-120,-17,-1,8,316,302,297
2918256,10,-8334,-126,-22,1,4,284,302,301
2924276,10,-8334,-126,-22,1,4,314,307,318
2930300,10,-8334,-126,-22,1,4,311,301,298
2936308,42,-8274,-58,-13,9,-4,283,303,302
2942296,42,-8274,-58,-13,9,-4,331,307,309
2948304,42,-8274,-58,-13,9,-4,303,300,299
2954328,74,-8316,-58,-16,17,-7,282,307,310
2960404,74,-8316,-58,-16,17,-7,330,299,301
2966504,74,-8316,-58,-16,17,-7,293,302,300
2972596,74,-8336,-104,-7,23,-7,296,306,316
2978680,74,-8336,-104,-7,23,-7,318,302,298
2984772,74,-8336,-104,-7,23,-7,288,302,301
2990860,46,-8394,-110,-14,29,-7,312,307,315
2997028,46,-8394,-110,-14,29,-7,310,302,301
3003212,46,-8394,-110,-14,29,-7,283,302,302
3009380,96,-8348,-94,-15,27,-8,334,305,303
3015468,96,-8348,-94,-15,27,-8,298,302,301
3021564,96,-8348,-94,-15,27,-8,287,305,311
3027660,122,-8310,-96,-13,24,-2,325,302,300
3033892,122,-8310,-96,-13,24,-2,290,302,300
3040088,122,-8310,-96,-13,24,-2,305,306,315
3046296,140,-8272,-114,-9,8,10,312,302,296
3052440,140,-8272,-114,-9,8,10,284,303,301
3058576,140,-8272,-114,-9,8,10,329,305,309
3064716,166,-8316,-114,-14,4,12,302,302,300
3070952,166,-8316,-114,-14,4,12,281,304,309
3077180,138,-8284,-134,-15,-2,7,328,302,298
3083384,138,-8284,-134,-15,-2,7,290,301,301
3089596,138,-8284,-134,-15,-2,7,301,306,313
3095820,92,-8284,-108,-7,-5,5,317,301,296
3101828,92,-8284,-108,-7,-5,5,284,303,300
3107844,92,-8284,-108,-7,-5,5,316,307,313
3113840,88,-8292,-88,-8,0,1,311,303,300
3119676,88,-8292,-88,-8,0,1,282,303,300
3125496,88,-8292,-88,-8,0,1,328,307,309
3131356,86,-8316,-140,-8,14,0,303,301,298
3137384,86,-8316,-140,-8,14,0,279,303,308
3143384,86,-8316,-140,-8,14,0,334,303,304
3149388,102,-8298,-112,-6,10,-6,295,302,299
3155600,102,-8298,-112,-6,10,-6,293,306,313
3161812,102,-8298,-112,-6,10,-6,318,302,295
3168048,168,-8314,-124,-7,13,-1,287,301,303
3174244,168,-8314,-124,-7,13,-1,316,306,316
3180448,168,-8314,-124,-7,13,-1,308,302,299
3186680,80,-8280,-112,-5,9,-6,284,301,305
3192700,80,-8280,-112,-5,9,-6,334,306,304
3198700,80,-8280,-112,-5,9,-6,299,300,298
3204700,74,-8344,-108,-18,5,-9,284,304,308
3210768,74,-8344,-108,-18,5,-9,330,303,299
3216860,74,-8344,-108,-18,5,-9,292,302,300
3222960,98,-8296,-102,-20,10,-6,302,307,313
3229132,98,-8296,-102,-20,10,-6,315,300,296
3235316,98,-8296,-102,-20,10,-6,285,302,304
3241472,124,-8316,-136,-14,10,-7,323,307,309
3247772,124,-8316,-136,-14,10,-7,303,303,300
3254076,92,-8312,-146,-12,18,-6,281,304,308
3260248,92,-8312,-146,-12,18,-6,331,302,302
3266416,92,-8312,-146,-12,18,-6,292,302,299
3272580,76,-8316,-130,-3,12,2,294,306,314
3278572,76,-8316,-130,-3,12,2,319,302,296
3284572,76,-8316,-130,-3,12,2,286,301,300
3290560,98,-8322,-124,0,14,-2,311,306,313
3296564,98,-8322,-124,0,14,-2,312,302,298
3302564,98,-8322,-124,0,14,-2,283,303,303
3308572,70,-8296,-110,-8,18,-1,326,306,310
3314668,70,-8296,-110,-8,18,-1,302,301,297
3320760,70,-8296,-110,-8,18,-1,281,304,310
3326832,112,-8328,-136,-2,20,3,331,302,302
3332952,112,-8328,-136,-2,20,3,296,302,301
3339072,112,-8328,-136,-2,20,3,295,306,312
3345196,118,-8306,-160,-3,21,1,319,301,299
3351332,118,-8306,-160,-3,21,1,286,303,301
3357464,118,-8306,-160,-3,21,1,314,307,316
3363596,124,-8310,-44,3,18,6,309,301,298
3369548,124,-8310,-44,3,18,6,283,301,301
3375496,124,-8310,-44,3,18,6,329,306,309
3381436,100,-8340,-108,-3,22,3,302,302,300
3387568,100,-8340,-108,-3,22,3,282,305,309
3393684,100,-8340,-108,-3,22,3,330,301,299
3399804,92,-8370,-154,1,21,-5,295,301,300
3405800,92,-8370,-154,1,21,-5,295,305,310
3411804,92,-8370,-154,1,21,-5,320,303,296
3417808,72,-8336,-174,-5,26,-4,287,301,301
3423912,72,-8336,-174,-5,26,-4,312,306,314
3430024,116,-8280,-116,-5,26,-4,310,302,303
3436248,116,-8280,-116,1,21,-3,284,302,305
3442376,116,-8280,-116,1,21,-3,332,305,305
3448524,212,-8264,-130,-7,20,0,299,302,300
3454668,212,-8264,-130,-7,20,0,284,304,312
3460812,212,-8264,-130,-7,20,0,328,301,298
3466956,178,-8330,-106,-4,5,1,289,301,300
3473020,178,-8330,-106,-4,5,1,302,307,313
3479052,178,-8330,-106,-4,5,1,317,300,298
3485092,42,-8374,-116,-5,11,1,285,303,303
3491084,42,-8374,-116,-5,11,1,315,307,316
3497104,42,-8374,-116,-5,11,1,309,301,300
3503104,116,-8422,-50,-11,21,3,283,302,303
3509244,116,-8422,-50,-11,21,3,334,305,305
3515400,116,-8422,-50,-11,21,3,298,301,302
3521532,108,-8346,-98,-8,19,-4,285,306,310
3527668,108,-8346,-98,-8,19,-4,325,300,303
3533800,108,-8346,-98,-8,19,-4,289,302,298
3539924,204,-8230,-86,0,18,-3,303,308,313
3545968,204,-8230,-86,0,18,-3,315,300,298
3552004,204,-8230,-86,0,18,-3,285,301,301
3558040,98,-8296,-110,1,8,9,316,307,312
3563868,98,-8296,-110,1,8,9,308,303,298
3569712,98,-8296,-110,1,8,9,283,302,303
3575560,44,-8306,-126,-3,4,4,329,307,309
3581468,44,-8306,-126,-3,4,4,303,302,297
3587396,44,-8306,-126,-3,4,4,282,304,309
3593308,32,-8344,-120,-1,10,-14,331,303,301
3599496,32,-8344,-120,-1,10,-14,293,300,302
3605680,32,-8344,-120,-1,10,-14,295,305,313
3611836,92,-8342,-100,-7,15,-9,318,302,299
3617952,92,-8342,-100,-7,15,-9,287,303,299
3624028,92,-8342,-100,-7,15,-9,314,306,313
3630112,126,-8350,-90,-1,17,-10,309,302,297
3636324,126,-8350,-90,-1,17,-10,283,303,303
3642524,136,-8404,-86,-1,17,-10,334,304,305
3648760,136,-8404,-86,-2,9,-2,299,302,300
3654796,136,-8404,-86,-2,9,-2,284,305,312
3660828,22,-8348,-108,-4,5,-5,328,303,299
3666828,22,-8348,-108,-4,5,-5,291,302,301
3672832,22,-8348,-108,-4,5,-5,300,303,310
3678836,38,-8298,-102,-8,9,-3,318,301,298
3684852,38,-8298,-102,-8,9,-3,284,301,302
3690840,38,-8298,-102,-8,9,-3,313,308,314
3696832,96,-8278,-66,-8,17,-1,310,301,296
3702840,96,-8278,-66,-8,17,-1,283,303,303
3708828,96,-8278,-66,-8,17,-1,330,305,309
3714836,130,-8324,-70,-5,6,3,303,301,298
3720796,130,-8324,-70,-5,6,3,284,304,310
3726744,130,-8324,-70,-5,6,3,333,305,307
3732688,168,-8344,-94,-7,10,3,296,302,300
3738736,168,-8344,-94,-7,10,3,291,304,308
3744784,168,-8344,-94,-7,10,3,321,302,296
3750844,142,-8332,-120,-6,2,-1,288,302,303
3756988,142,-8332,-120,-6,2,-1,310,306,316
3763136,142,-8332,-120,-6,2,-1,312,299,297
3769272,70,-8338,-86,-8,-6,0,284,302,305
3775192,70,-8338,-86,-8,-6,0,324,308,310
3781108,70,-8338,-86,-8,-6,0,305,301,298
3787012,138,-8300,-100,-14,3,6,284,303,309
3793144,138,-8300,-100,-14,3,6,332,302,303
3799280,138,-8300,-100,-14,3,6,295,300,299
3805420,124,-8336,-88,-7,6,2,289,305,313
3811388,124,-8336,-88,-7,6,2,322,304,300
3817324,124,-8336,-88,-7,6,2,288,301,301
3823272,102,-8250,-84,-7,1,2,302,306,313
3829236,102,-8250,-84,-7,1,2,317,302,297
3835188,102,-8250,-84,-7,1,2,283,302,300
3841148,-8,-8318,-94,-6,1,-3,315,307,316
3846992,-8,-8318,-94,-6,1,-3,310,302,300
3852820,-8,-8318,-94,-6,1,-3,283,303,300
3858644,16,-8290,-64,-8,14,-5,328,306,311
3864648,16,-8290,-64,-8,14,-5,301,300,297
3870644,16,-8290,-64,-8,14,-5,282,304,310
3876648,44,-8258,-72,-4,28,-15,334,303,300
3882748,44,-8258,-72,-4,28,-15,295,303,298
3888844,44,-8258,-72,-4,28,-15,292,305,314
3894952,82,-8354,-126,-3,35,-16,320,304,300
3901124,82,-8354,-126,-3,35,-16,287,302,300
3907320,108,-8356,-102,-3,35,-16,314,307,315
3913632,108,-8356,-102,0,34,-6,309,302,297
3919760,108,-8356,-102,0,34,-6,284,303,302
3925892,156,-8372,-124,-3,24,3,334,304,305
3932016,156,-8372,-124,-3,24,3,298,301,301
3938136,156,-8372,-124,-3,24,3,284,305,311
3944248,116,-8298,-112,-5,12,0,327,303,301
3950380,116,-8298,-112,-5,12,0,289,301,299
3956508,116,-8298,-112,-5,12,0,303,305,313
3962644,46,-8342,-72,-10,15,7,314,301,297
3968644,46,-8342,-72,-10,15,7,283,302,301
3974644,46,-8342,-72,-10,15,7,318,307,314
3980636,98,-8284,-76,-12,23,5,308,302,295
3986636,98,-8284,-76,-12,23,5,284,303,303
3992660,98,-8284,-76,-12,23,5,333,303,305
3998668,154,-8336,-128,-10,26,-3,296,303,304
4004984,154,-8336,-128,-10,26,-3,288,305,312
4011256,154,-8336,-128,-10,26,-3,322,299,298
4017572,156,-8342,-160,1,30,0,287,301,301
4023612,156,-8342,-160,1,30,0,308,307,314
4029640,156,-8342,-160,1,30,0,312,302,300
4035684,192,-8298,-120,1,19,2,283,302,302
4041716,192,-8298,-120,1,19,2,324,307,310
4047776,192,-8298,-120,1,19,2,303,301,299
4053836,118,-8346,-96,-4,21,1,283,303,310
4059864,118,-8346,-96,-4,21,1,332,304,301
4065916,118,-8346,-96,-4,21,1,296,302,300
4071964,214,-8374,-98,-15,8,3,288,304,309
4078000,214,-8374,-98,-15,8,3,324,302,299
4084044,214,-8374,-98,-15,8,3,288,301,298
4090060,152,-8330,-112,-20,-3,6,305,306,316
4096280,152,-8330,-112,-20,-3,6,313,302,299
4102508,136,-8318,-116,-14,-5,3,282,302,302
4108716,136,-8318,-116,-14,-5,3,332,306,307
4114928,136,-8318,-116,-14,-5,3,300,301,300
4121140,60,-8286,-104,-12,-6,4,283,305,310
4127216,60,-8286,-104,-12,-6,4,330,302,301
4133312,60,-8286,-104,-12,-6,4,291,302,299
4139400,130,-8312,-58,-13,4,2,297,307,314
4145428,130,-8312,-58,-13,4,2,317,300,296
4151468,130,-8312,-58,-13,4,2,285,302,304
4157532,194,-8218,-70,-6,-3,3,312,308,317
4163564,194,-8218,-70,-6,-3,3,310,301,297
4169604,194,-8218,-70,-6,-3,3,285,302,301
4175640,68,-8290,-110,-11,1,9,331,305,309
4181652,68,-8290,-110,-11,1,9,299,301,302
4187660,68,-8290,-110,-11,1,9,284,305,310
4193660,84,-8378,-154,-7,7,2,332,304,301
4199568,84,-8378,-154,-7,7,2,295,301,299
4205480,84,-8378,-154,-7,7,2,290,305,311
4211396,108,-8414,-140,-3,5,0,322,302,298
4217460,108,-8414,-140,-3,5,0,287,301,299
4223496,108,-8414,-140,-3,5,0,308,306,314
4229532,134,-8306,-82,-3,3,-1,315,301,294
4235572,134,-8306,-82,-3,3,-1,283,303,305
4241596,134,-8306,-82,-3,3,-1,321,307,312
4247644,128,-8322,-118,-3,-1,1,305,301,299
4253772,128,-8322,-118,-3,-1,1,282,304,310
4259908,128,-8322,-118,-3,-1,1,333,303,301
4266040,42,-8262,-80,-3,-3,7,296,302,299
4271952,42,-8262,-80,-3,-3,7,287,305,308
4277856,42,-8262,-80,-3,-3,7,326,302,302
4283772,-18,-8310,-72,-7,3,3,289,302,299
4289620,-18,-8310,-72,-7,3,3,301,305,314
4295452,-18,-8310,-72,-7,3,3,319,302,302
4301300,78,-8304,-138,-5,20,-7,286,302,301
4307376,78,-8304,-138,-5,20,-7,313,310,313
4313460,78,-8304,-138,-5,20,-7,311,299,298
4319564,32,-8370,-82,-3,21,-3,284,304,304
4325572,32,-8370,-82,-3,21,-3,331,307,306
4331600,126,-8318,-84,-3,21,-3,300,302,299
4337720,126,-8318,-84,-4,21,-3,283,304,308
4343836,126,-8318,-84,-4,21,-3,329,303,300
4349984,142,-8366,-98,-7,18,-7,292,302,301
4356120,142,-8366,-98,-7,18,-7,298,306,314
4362248,142,-8366,-98,-7,18,-7,318,300,298
4368372,48,-8356,-92,-9,12,4,285,302,300
4374300,48,-8356,-92,-9,12,4,314,306,316
4380212,48,-8356,-92,-9,12,4,311,302,298
4386124,88,-8296,-130,-14,17,10,283,302,305
4392300,88,-8296,-130,-14,17,10,334,304,306
4398472,88,-8296,-130,-14,17,10,298,300,301
4404660,76,-8284,-124,-10,15,5,284,305,306
4410740,76,-8284,-124,-10,15,5,327,301,301
4416836,76,-8284,-124,-10,15,5,291,302,302
4422924,100,-8262,-104,-2,13,-1,304,306,312
4429148,100,-8262,-104,-2,13,-1,316,301,298
4435372,100,-8262,-104,-2,13,-1,283,301,305
4441576,116,-8312,-118,-5,21,-4,325,307,313
4447788,116,-8312,-118,-5,21,-4,304,302,301
4454004,116,-8312,-118,-5,21,-4,281,306,308
4460216,172,-8348,-166,-5,20,1,332,302,302
4466340,172,-8348,-166,-5,20,1,294,302,298
4472464,172,-8348,-166,-5,20,1,297,307,314
4478588,160,-8320,-142,0,12,1,318,299,296
4484632,160,-8320,-142,0,12,1,285,302,304
4490664,130,-8328,-86,0,12,1,314,307,315
4496604,130,-8328,-86,-1,12,-3,312,302,298
4502756,130,-8328,-86,-1,12,-3,284,303,303
4508892,162,-8310,-132,-6,6,-1,332,305,307
4515016,162,-8310,-132,-6,6,-1,301,301,297
4521148,162,-8310,-132,-6,6,-1,283,306,310
4527268,98,-8314,-92,-10,3,1,329,302,299
4533196,98,-8314,-92,-10,3,1,295,301,300
4539136,98,-8314,-92,-10,3,1,295,305,311
4545032,100,-8310,-88,-9,8,1,320,301,300
4550996,100,-8310,-88,-9,8,1,286,301,302
